Lord ID,Name,Division,Alliance ID,Alliance Tag,Current Power,Power,Merits,Units Killed,Units Dead,Units Healed,T1 Kill Count,T2 Kill Count,T3 Kill Count,T4 Kill Count,T5 Kill Count,Building Power,Hero Power,Legion Power,Tech Power,Victories,Defeats,City Sieges,Scouted,Helps Given,Gold,Gold Spent,Wood,Wood Spent,Ore,Ore Spent,Mana,Mana Spent,Gems,Gems Spent,Resources Given,Resources Given Count,City Level,Faction
1189958,Pax HALDRION,106,197524,MLS,"28,12,10,223","33,67,41,236","6,12,68,442","2,07,67,99,954","18,21,356","84,12,05,880","58,16,39,831","69,03,725","1,54,19,814","1,05,31,87,222","41,94,37,300","1,86,80,998","1,14,55,360","21,93,41,334","3,17,32,531","2,04,938","2,29,305",600,436,"87,800","67,12,78,158","25,44,36,14,609","58,83,64,256","22,42,80,62,659","23,34,96,379","18,87,84,77,655","3,11,68,97,254","12,71,73,72,251",83,"1,36,64,302","19,79,34,08,308","4,003",25,League of Order
4893984,MAK LANNISTER,106,197524,MLS,"15,76,14,777","15,76,14,777","54,01,566","80,71,10,448","30,63,752","39,01,32,889","2,65,99,220","1,56,16,917","3,41,29,093","63,16,87,540","9,76,26,199","1,86,80,998","86,00,300","9,85,99,073","3,17,34,406","1,08,328","73,318",981,916,"61,097","43,53,79,280","14,27,16,85,987","36,93,21,295","13,42,31,39,368","20,43,36,898","10,54,12,00,610","1,23,97,54,500","9,61,49,54,049",645,"48,65,635","2,51,12,05,975",578,25,League of Order
4829749,Ironman mk1,106,197524,MLS,"11,83,91,041","11,83,91,041","2,12,12,462","41,90,54,692","15,96,764","22,63,42,824","2,33,97,073","34,96,280","92,54,201","30,69,26,826","7,58,01,370","1,86,80,998","88,55,190","5,91,22,322","3,17,32,531","1,29,313","22,848",149,920,"1,51,855","1,86,03,30,334","8,35,92,45,597","1,61,97,87,848","8,36,81,87,321","1,27,33,43,244","5,46,88,57,622","2,07,90,35,442","5,61,02,86,462",228,"32,04,367","49,96,48,924",115,25,Springwardens
5288699,ID Unknown,106,197524,MLS,"11,66,58,560","11,66,58,560","76,42,161","35,33,69,332","3,86,831","29,47,50,120","3,39,21,464","16,20,420","28,86,388","23,07,99,709","8,40,99,976","1,86,80,998","71,94,990","5,90,50,041","3,17,32,531","1,33,725","45,772",24,189,"1,26,427","2,09,57,91,396","6,06,49,44,324","3,65,16,99,413","7,70,44,61,704","2,71,18,30,904","5,12,09,08,002","2,54,52,52,994","4,28,42,33,613","6,221","10,61,777","1,69,51,33,796",351,25,League of Order
4590187,Darkwow,106,197524,MLS,"10,30,58,503","10,30,58,503","2,83,855","25,22,16,996","14,70,787","20,11,28,357","1,07,78,595","43,33,635","71,67,061","21,10,92,238","1,84,95,798","1,86,80,998","84,80,750","4,41,64,224","3,17,32,531","91,357","18,943",707,696,"64,338","3,08,57,25,318","7,29,56,47,276","3,05,34,91,037","8,14,06,86,740","2,06,16,71,872","5,40,74,03,880","2,29,10,16,557","4,76,26,85,591","5,483","25,09,165","80,79,53,092",171,25,Springwardens
4959011,Pearcey,106,197524,MLS,"10,17,77,422","10,17,77,422","2,46,50,112","47,68,38,779","15,45,254","25,42,96,039","1,89,20,190","35,81,776","79,31,334","38,25,85,748","6,37,11,093","1,86,80,998","86,62,760","4,27,01,133","3,17,32,531","95,073","26,558",96,"1,004","1,15,146","1,80,39,60,469","8,59,76,17,455","1,73,13,05,622","7,61,32,70,336","1,68,50,99,600","6,59,67,66,653","2,36,65,35,497","5,08,34,92,504","3,499","34,94,822","15,04,81,886",44,25,League of Order
4979918,ᴳᴼᵂRowdy,106,197524,MLS,"10,09,46,265","10,09,58,045",,"7,19,38,477","2,90,525","10,94,94,943","7,91,021","10,32,031","28,35,436","5,61,58,302","1,10,23,551","1,86,80,998","64,00,180","4,39,40,556","3,17,32,531","71,799","8,063",117,353,"78,996","2,46,35,25,193","3,91,13,33,849","2,28,37,30,680","3,91,47,24,695","1,63,31,24,208","2,91,78,87,850","98,46,61,398","2,59,72,80,576","3,256","7,60,294","3,00,74,059",10,25,League of Order
5477560,Haaden,106,197524,MLS,"9,97,07,936","9,97,07,936","47,54,889","13,96,54,439","8,67,733","18,61,05,753","29,86,612","2,95,971","12,02,696","10,36,92,746","3,14,25,838","1,70,38,418","75,80,400","4,33,56,587","3,17,32,531","48,454","25,305",22,167,"1,16,884","1,27,59,22,017","3,81,47,37,930","1,49,86,51,495","4,89,75,15,923","98,85,25,436","3,48,75,30,932","1,22,65,06,244","2,86,51,36,760","1,906","14,55,784","2,95,59,342",16,25,League of Order
5919688,ᴳᴼᵂElectrdizzle,106,197524,MLS,"9,46,01,508","9,46,01,508","27,041","7,09,80,511","6,10,845","13,73,76,627","12,96,375","6,46,233","17,31,073","5,32,18,984","1,40,48,700","1,86,80,998","56,12,780","3,83,83,199","3,17,32,531","70,045","8,737",75,161,"1,02,587","2,00,71,00,687","4,04,68,89,824","2,00,03,68,711","4,16,44,92,406","1,62,94,56,646","3,26,37,38,762","1,53,12,02,709","2,67,91,80,518",735,"6,96,284","4,47,57,639",32,25,Springwardens
4413267,erlet,106,197524,MLS,"9,20,79,504","9,20,79,504","2,98,963","18,11,91,342","13,32,010","21,02,31,833","35,30,163","18,02,667","35,00,397","15,72,90,621","1,49,21,136","1,86,80,998","82,92,960","3,31,81,015","3,17,32,531","53,365","22,030",64,"1,673","1,11,230","3,81,48,23,827","7,24,98,61,328","3,75,18,67,744","7,16,81,81,118","2,86,29,79,645","5,89,13,35,087","1,91,37,40,173","4,04,30,31,698","14,012","14,08,531","59,15,12,783",122,25,Wilderburg
5105764,ᴿᴹ Anrchy,106,197524,MLS,"9,14,73,360","9,14,73,360","18,38,491","7,29,90,588","8,58,235","11,08,09,995","48,24,339","12,19,031","39,70,246","5,55,01,180","73,62,851","1,86,80,998","94,42,830","3,19,22,000","3,11,71,532","85,204","7,010",58,161,"1,08,085","2,54,81,86,883","4,26,38,31,829","2,59,27,12,208","4,51,49,04,141","1,92,29,41,530","3,10,22,95,498","97,44,47,771","2,25,14,11,592","8,434","9,68,510","12,63,80,000",32,25,Springwardens
5104853,Mac Gyver,106,197524,MLS,"8,68,14,058","8,97,10,012","53,10,053","16,41,22,793","20,15,379","27,18,09,369","1,05,12,003","26,45,162","98,01,358","12,55,78,849","1,51,40,736","1,86,80,998","70,44,550","2,93,55,979","3,17,32,531","65,256","26,867",354,636,"1,26,128","2,42,52,19,423","6,81,87,58,254","2,42,48,69,067","6,92,15,27,539","1,46,32,47,017","4,55,86,52,708","2,53,95,56,952","4,14,50,61,343","6,585","7,84,322","85,18,89,029",195,25,Wilderburg
1351495,Patriiick,106,197524,MLS,"8,58,12,183","8,58,12,183","16,51,162","7,23,79,983","16,21,089","12,71,83,079","41,23,014","7,56,677","19,99,825","4,72,33,656","1,82,34,254","1,86,80,998","49,44,660","3,25,34,870","2,94,59,655","36,472","22,373",18,15,"71,227","1,90,54,12,348","2,53,87,54,058","1,88,51,61,082","2,94,07,24,660","1,53,24,86,490","2,02,64,47,022","91,00,08,395","1,46,20,26,376",160,"2,82,553",,,25,League of Order
8442713,PØPɆɎɆ,106,197524,MLS,"8,16,56,224","8,16,56,224","1,36,95,165","14,81,68,467","6,71,991","14,50,90,379","55,00,449","7,62,325","20,34,541","11,28,94,044","2,69,60,630","1,75,48,018","70,87,320","2,75,18,195","2,94,59,655","83,089","11,635",23,268,"68,534","1,75,98,66,978","4,17,63,64,941","1,66,42,76,263","4,62,60,17,609","1,49,49,81,670","3,57,67,32,016","1,37,08,36,862","2,46,37,13,355",899,"4,83,686","15,60,25,111",33,25,League of Order
5009712,GRUNT,106,197524,MLS,"8,06,09,750","8,06,09,750","37,26,506","5,34,68,198","9,66,181","19,58,26,842","27,58,371","10,55,444","14,04,639","3,78,60,798","1,03,51,320","1,86,80,998","67,19,010","2,71,76,065","2,78,65,677","78,512","23,382",84,323,"1,03,706","2,86,90,03,380","4,40,14,69,010","2,53,12,35,459","4,80,79,93,341","2,16,85,33,370","3,17,22,73,989","1,22,56,45,786","2,32,30,77,543","1,341","5,83,405","15,30,87,398",52,25,Wilderburg
10224121,Milada,106,197524,MLS,"7,97,39,347","7,97,39,347","27,60,096","3,91,67,246","8,29,942","16,65,51,916","56,75,036","2,54,226","6,13,637","2,24,75,259","1,01,20,882","1,86,80,998","78,10,810","2,53,56,262","2,78,65,677","69,513","11,124",36,34,"1,76,736","7,46,20,47,751","7,03,75,79,358","6,82,36,53,316","6,43,24,85,959","4,30,51,74,104","4,24,90,80,947","2,07,70,31,404","2,56,47,25,376","9,816","7,57,842","1,02,12,039",5,25,League of Order
5047334,Blackspider ㋡,106,197524,MLS,"7,70,76,016","8,01,27,999","1,75,03,446","30,97,88,083","39,92,427","35,62,75,357","2,69,79,706","48,63,164","1,65,58,440","20,42,34,187","5,67,49,534","1,86,80,998","70,66,440","1,95,96,047","3,17,32,531","97,941","55,019",539,"1,193","1,77,555","2,98,08,73,587","10,26,89,54,184","3,05,12,49,662","10,49,51,65,551","1,83,45,93,304","7,09,30,84,445","3,10,08,05,346","5,39,74,90,046","1,253","16,32,133","57,40,54,377",127,25,League of Order
4743984,Baardbliksem,106,197524,MLS,"7,55,45,676","7,55,45,676","5,00,402","3,11,98,770","4,58,810","11,59,86,186","45,26,861","3,30,801","6,31,707","2,17,05,425","39,90,687","1,86,80,998","80,26,280","2,25,02,699","2,62,71,699","53,111","8,033",14,155,"64,027","2,65,43,36,340","4,38,24,81,468","3,36,91,62,445","4,45,00,66,051","2,58,84,62,035","3,08,17,47,921","1,08,36,13,618","2,02,08,15,648",148,"6,63,158","42,11,87,819",87,25,League of Order
5118515,FlyingRed,106,197524,MLS,"7,35,74,438","7,35,74,438","14,31,271","3,54,55,588","12,59,595","15,46,85,321","8,92,864","2,39,079","6,46,089","2,64,30,875","71,98,563","1,86,80,998","62,46,790","2,18,54,532","2,67,92,118","68,553","17,705",142,172,"69,835","2,45,13,37,125","3,87,89,47,724","2,22,58,75,886","3,97,79,02,188","1,65,13,55,403","2,77,47,11,143","96,77,24,158","1,90,46,38,955","1,375","6,13,046","17,37,91,004",52,25,League of Order
5313128,ᴹᴸˢHeiimdall,106,197524,MLS,"7,20,01,705","7,20,55,045","56,25,556","6,34,20,173","10,05,782","21,89,91,459","60,93,472","3,70,669","9,98,663","4,70,19,399","88,46,969","1,86,80,998","72,15,210","2,14,45,618","2,46,59,879","49,874","23,026",99,248,"80,937","2,55,04,75,398","6,16,35,36,350","2,55,71,81,021","5,95,60,22,923","1,91,40,92,637","4,32,34,23,591","1,31,53,89,966","2,58,64,76,371","4,397","6,57,041","99,21,67,766",206,25,Springwardens
4980963,lilsleepy909,106,197524,MLS,"6,98,73,134","6,98,73,134","75,18,575","10,71,14,010","4,55,021","18,12,37,919","86,34,543","13,07,844","41,66,431","7,84,77,189","1,44,93,095","1,59,33,981","72,20,540","2,20,40,892","2,46,77,721","51,236","19,945",86,312,"89,564","2,14,59,20,014","5,35,49,23,144","2,20,23,49,190","5,30,68,19,811","1,93,69,41,501","3,96,28,50,119","1,36,34,97,566","2,19,47,19,197","6,116","6,08,883","98,31,94,510",250,25,League of Order
4581602,Burli,106,355714,phx1,"6,98,54,895","6,98,65,879","24,274","5,63,03,470","1,14,370","15,12,59,311","6,33,107","16,33,948","21,69,747","4,91,97,746","26,46,494","1,86,80,998","60,45,780","2,29,48,637","2,21,79,480","79,379","11,128",31,79,"80,469","2,41,09,56,686","4,59,73,86,145","2,29,53,11,387","4,66,07,19,644","1,52,56,49,112","3,29,31,55,309","77,20,75,776","2,21,44,74,891","52,989","3,03,050","1,75,14,52,344",361,25,Springwardens
4857615,Andycapp,106,197524,MLS,"6,90,67,289","6,90,67,289","4,66,395","2,68,52,121","1,59,965","6,88,65,997","5,46,796","1,35,506","8,20,500","2,19,07,352","34,27,432","1,86,80,998","64,26,520","1,77,76,024","2,61,83,747","41,950","6,206",9,65,"60,867","2,19,03,29,710","2,86,60,42,353","2,18,78,84,260","2,95,78,39,507","1,79,31,59,801","2,00,74,19,357","84,80,84,248","1,02,53,60,414",80,"10,63,273","8,30,98,988",22,25,League of Order
4302182,Carrascox5,106,197524,MLS,"6,84,30,919","6,84,59,763","31,77,278","15,13,60,383","7,21,813","23,76,87,550","34,37,003","38,67,506","82,63,400","11,25,68,299","2,30,82,300","1,63,48,382","61,12,120","2,49,84,476","2,09,85,941","61,597","23,884",151,579,"95,596","2,66,65,21,742","4,97,62,08,173","2,66,88,03,445","5,30,21,46,474","1,66,94,30,833","3,56,04,51,404","1,28,79,45,576","2,15,95,52,116",71,"2,54,742","15,64,72,660",32,25,Wilderburg
4937591,Durian King,106,197524,MLS,"6,31,84,301","6,31,84,301","19,96,560","3,15,28,284","11,12,778","14,55,77,027","13,11,154","2,24,724","3,84,244","2,32,82,587","62,40,678","1,86,80,998","50,27,650","1,84,72,802","2,10,02,851","43,074","8,419",128,155,"1,04,243","2,42,59,19,942","5,72,99,03,180","2,53,92,45,293","5,65,27,43,321","1,68,13,25,809","4,06,03,22,765","1,10,48,54,893","2,80,91,76,244","47,140","2,31,996","10,07,10,472",25,25,Wilderburg
5021925,Lord Bismarck,106,197524,MLS,"6,31,70,925","6,31,70,925","8,75,267","3,51,90,646","3,39,753","15,75,88,599","14,35,474","3,95,465","8,22,266","2,93,83,733","31,41,892","1,86,80,998","50,79,730","1,89,08,108","2,05,02,089","55,885","13,485",9,126,"85,673","3,02,20,66,259","5,58,36,18,506","3,06,05,46,895","5,66,91,01,523","2,19,67,18,120","4,16,06,29,546","1,44,30,53,739","2,97,91,79,239",810,"3,00,915","27,76,57,562",59,25,League of Order
4919405,RyuKEn,106,197524,MLS,"6,23,77,290","6,23,77,290","28,90,790","2,60,16,289","12,44,184","12,61,75,991","12,62,649","2,87,311","2,10,088","1,43,28,090","99,03,700","1,58,00,113","54,79,850","1,91,78,286","2,19,19,041","35,140","26,569",4,124,"83,819","3,53,69,94,628","4,55,46,77,296","3,49,73,74,635","4,93,53,32,663","1,83,40,49,756","2,10,86,42,793","1,09,40,00,749","1,83,97,99,736",3,"4,83,792","1,05,07,218",7,25,Wilderburg
729796,ˢᶦᵍᵐᵃ ᴅᴇʙʙʏ ᴅᴇʙ,106,197524,MLS,"6,23,23,291","6,23,23,291","1,86,600","3,91,71,016","6,91,848","8,58,58,496","11,75,072","2,77,955","10,72,517","2,78,95,329","86,41,651","1,49,95,488","41,19,690","2,00,28,721","2,31,64,992","52,936","5,936",21,110,"1,34,820","3,24,19,58,042","4,66,97,42,204","2,99,62,72,358","4,67,66,25,524","2,54,86,78,376","3,50,04,12,478","1,20,14,63,275","1,32,94,36,293","39,570","3,86,887","6,30,09,47,437","1,433",25,League of Order
4439541,Alexis8bcax1,106,197524,MLS,"6,14,82,994","6,14,82,994","60,17,031","11,84,54,263","17,97,332","21,29,75,474","55,41,793","15,61,252","21,69,850","9,24,81,684","1,64,90,218","1,48,75,883","66,14,960","1,53,14,430","2,46,77,721","67,158","19,428",205,521,"99,260","75,08,77,321","4,51,62,86,336","86,43,60,911","4,90,81,80,657","1,01,77,59,710","3,86,26,86,016","56,38,39,847","2,19,70,99,800",102,"13,21,312","4,48,07,780",13,25,Wilderburg
5039197,Hubba Bubbа,106,196210,EmTm,"6,00,41,767","6,00,41,767",,"75,36,069","2,23,022","3,27,32,104","8,55,357","8,08,422","10,81,920","44,73,461","3,15,414","1,70,38,418","44,50,350","1,80,50,910","2,05,02,089","34,172","1,655",6,77,"43,571","2,31,64,30,152","1,59,43,32,220","2,30,51,42,029","1,57,55,06,900","1,77,80,54,175","1,13,19,23,585","95,84,39,013","66,09,82,800",10,"1,92,744","2,24,255",3,25,League of Order
5034004,ᴴʸShiniGami,106,197524,MLS,"5,99,38,481","5,99,52,141","12,64,195","9,61,33,173","2,99,931","10,85,35,857","97,19,147","76,09,250","98,65,733","5,72,25,011","1,16,44,063","1,67,83,618","40,27,960","1,60,17,920","2,31,08,983","35,475","7,258",111,"1,107","56,378","1,17,22,75,548","1,35,74,57,752","1,03,42,61,103","1,41,69,06,202","81,00,93,808","94,85,88,607","47,45,04,022","49,03,42,370","5,000","1,94,082","57,15,245",8,25,Wilderburg
5147911,Americano,106,197524,MLS,"5,95,78,968","5,95,78,968","27,24,847","7,11,25,911","35,62,718","17,02,18,150","76,89,391","52,37,464","47,90,516","4,47,08,212","79,61,436","1,83,21,908","54,51,280","1,73,48,647","1,84,57,133","68,909","11,310",670,"2,492","1,25,571","2,94,55,59,779","3,73,37,72,386","2,70,28,77,142","3,79,23,21,557","1,98,98,87,383","2,62,41,50,203","1,12,14,70,551","1,14,95,45,931","1,07,660","3,42,789","98,00,65,108",208,25,League of Order
5418848,Pantera I,106,355714,phx1,"5,93,52,594","5,93,65,222","9,13,422","5,64,21,830","18,28,582","20,37,75,825","27,14,324","9,66,513","21,04,571","4,49,89,337","56,34,416","1,76,27,518","54,19,980","1,51,41,068","2,11,63,092","68,968","18,476",46,365,"71,817","2,87,26,27,822","5,70,75,83,019","2,93,10,00,290","5,64,04,11,943","1,89,61,88,379","3,79,78,27,008","1,26,69,42,201","2,03,74,63,619","13,658","5,45,514","47,17,33,672",149,25,Springwardens
5591788,HRC,106,355714,phx1,"5,85,31,499","5,85,31,499","63,347","81,40,069","7,60,611","9,57,58,563","1,91,803","95,790","3,13,787","67,79,354","7,41,848","1,86,80,998","39,63,100","1,70,59,353","1,88,28,048","51,188","4,366",7,98,"75,078","2,07,47,29,560","3,04,81,68,949","2,55,23,19,740","3,09,41,48,012","1,99,28,78,650","2,47,30,92,690","1,30,66,19,277","1,47,45,25,527","65,172","2,17,860","13,80,00,001",28,25,League of Order
5030658,lady sif 24,106,355714,phx1,"5,81,65,292","5,81,65,292","21,38,130","7,80,26,924","6,86,855","19,78,07,377","25,65,337","11,62,700","28,93,816","6,31,46,028","82,33,653","1,30,23,681","72,75,950","2,25,77,120","1,52,88,541","49,410","25,474",56,296,"1,47,114","40,54,65,125","4,43,25,54,880","41,16,67,107","4,72,04,23,209","38,99,83,087","3,22,43,94,915","46,82,10,216","1,65,52,03,049",80,"8,54,021","1,95,20,02,748",624,25,Springwardens
4398492,Mahogany Drew,106,197524,MLS,"5,77,71,310","5,77,81,129","75,232","20,85,350","1,52,411","3,27,37,323","2,83,879","58,739","3,69,653","11,80,731","1,92,348","1,60,52,139","45,19,440","1,92,58,191","1,79,41,540","74,577","1,387",,1,"65,707","2,57,64,60,104","3,48,78,18,370","2,60,89,45,914","3,33,77,13,483","1,79,42,81,874","2,44,42,99,198","1,14,96,56,645","1,88,27,36,775","88,723","3,54,150",,,25,Springwardens
5381503,Que Pasa,106,355714,phx1,"5,73,45,749","5,73,45,749","1,33,642","2,96,81,763","8,63,118","12,26,02,118","2,83,199","1,45,208","9,62,106","2,57,26,277","25,38,510","1,82,23,838","49,79,010","1,92,77,864","1,48,65,037","40,707","9,212",,95,"1,00,748","2,59,17,35,066","4,47,78,26,352","2,57,41,14,002","5,07,74,63,235","2,20,67,60,720","3,85,76,58,600","1,24,72,79,939","2,62,16,33,589","77,565","4,06,393","64,49,28,427",132,25,League of Order
5220385,Catfish hunter,106,197524,MLS,"5,65,89,062","5,65,89,062","12,63,369","49,44,888","5,63,075","4,93,59,401","47,689","1,86,338","7,04,266","24,96,822","15,06,536","1,78,27,608","38,22,830","1,37,75,532","2,11,63,092","51,574","3,460",16,5,"54,760","3,36,41,21,650","4,38,05,64,153","3,37,24,76,924","4,44,40,62,091","1,85,17,97,937","2,87,22,74,863","98,85,32,712","2,13,95,24,569","67,170","3,12,903","10,50,00,000",21,25,League of Order
5012116,Tbailey360,106,197524,MLS,"5,49,73,948","5,49,73,948",,"1,58,50,918","5,64,264","5,83,46,055","2,15,321","3,30,357","5,55,783","1,34,02,858","13,00,581","1,45,54,437","48,11,930","1,57,66,495","1,98,41,086","10,609","4,642",37,138,"47,235","1,68,83,74,826","2,29,64,60,713","1,66,92,67,129","2,30,08,69,992","1,39,72,08,430","1,74,21,04,148","89,64,78,003","1,03,62,51,528",657,"4,87,401","11,29,87,669",27,25,Springwardens
134974,Homura,106,197524,MLS,"5,49,17,602","5,49,17,602","21,15,910","7,99,49,868","21,67,070","13,05,65,959","69,91,613","32,98,564","72,02,202","5,58,29,391","58,91,876","1,29,98,005","44,80,330","1,81,71,880","1,92,67,387","50,998","10,671",763,697,"55,536","1,24,37,09,857","2,56,40,48,423","1,35,66,09,093","2,69,78,87,461","1,25,69,39,309","2,09,63,26,956","93,12,81,801","1,26,08,93,162",41,"1,95,852","1,00,00,000",2,25,League of Order
13504632,đi đủ đường,106,197524,MLS,"5,41,39,651","5,41,39,651","54,31,589","3,39,15,916","7,72,771","18,47,35,332","11,20,054","16,189","1,76,988","2,28,38,850","97,55,954","1,85,03,428","43,84,840","1,46,25,784","1,66,25,599","56,171","15,465",35,28,"47,269","2,37,50,20,499","6,54,31,42,786","2,23,23,52,074","6,64,93,35,675","1,41,97,11,366","4,40,02,78,105","85,79,08,866","2,32,83,28,575","6,692","2,63,591","18,33,36,466",53,25,League of Order
2783510,YUSUFF,106,197524,MLS,"5,39,80,711","5,39,80,711",,"3,65,68,735","3,21,249","9,62,59,366","10,16,713","1,32,607","9,58,521","3,10,99,964","33,33,697","1,60,38,280","47,08,950","1,60,20,538","1,72,09,543","36,593","7,529",59,245,"76,875","1,92,00,39,335","3,11,87,68,043","1,92,35,70,890","3,11,61,82,175","1,32,84,24,128","2,14,59,88,976","61,15,00,396","1,04,12,29,598","23,724","1,44,310","6,49,79,751",17,25,League of Order
5487655,ReeBaDeeN,106,197524,MLS,"5,33,20,184","5,61,63,224",,"1,15,65,167","1,11,541","4,23,55,753","6,00,719","4,07,848","9,31,544","82,01,020","13,79,804","1,86,80,998","40,26,570","87,44,185","2,18,68,431","34,757","1,931",28,158,"23,971","76,83,03,017","66,36,18,331","67,57,96,027","56,34,93,657","52,58,89,353","42,73,36,357","20,86,42,705","19,43,04,816","2,908","1,25,145","53,83,71,999",109,25,Wilderburg
4900938,傭兵Jynx,106,197524,MLS,"5,30,26,234","5,30,26,234",,"4,87,75,205","3,17,405","9,44,33,668","95,03,663","9,94,411","20,32,644","2,93,48,958","68,16,152","1,48,52,644","52,11,340","1,50,53,175","1,79,09,075","31,471","5,894",66,356,"36,641","1,51,00,43,876","3,08,68,11,397","1,49,71,95,439","3,15,24,88,133","1,26,97,15,136","2,40,71,91,779","64,71,91,930","1,24,30,23,047","8,566","3,67,884","35,06,98,809",71,25,Wilderburg
5094717,SkinJob,106,,,"5,29,86,031","5,29,86,031",,"4,64,731","3,67,884","3,80,61,700","11,325","41,406","80,872","1,95,447","1,35,681","1,55,04,156","44,93,190","1,94,81,611","1,35,07,074","41,217","2,797",,,"23,339","1,42,48,36,598","1,36,72,56,000","1,53,77,65,153","1,44,05,86,000","1,32,41,33,081","1,03,30,68,000","39,61,37,589","60,37,06,000","63,732","1,18,510",,,25,Wilderburg
5050571,Chakochayen,106,197524,MLS,"5,20,95,085","5,21,01,281",,"8,48,616","69,675","3,27,46,134","90,961","1,99,255","2,71,855","2,48,767","7,312","1,48,61,545","45,05,000","1,76,44,117","1,50,67,799","36,252","4,153",21,12,"32,839","2,96,15,37,805","1,35,95,32,500","2,62,46,44,081","1,33,43,60,500","1,85,93,52,282","1,01,66,90,350","59,48,67,016","58,51,62,750","6,503","67,910",,,25,League of Order
10849094,thànhsadboy,106,197524,MLS,"5,20,26,790","5,20,27,082","29,91,364","1,56,08,128","5,33,400","11,14,24,922","13,07,409","4,96,968","9,74,758","78,44,534","49,68,060","1,55,86,342","52,95,870","1,67,69,011","1,43,75,567","54,646","10,973",41,31,"24,074","2,29,09,85,977","4,67,11,20,847","2,24,39,33,773","4,31,94,10,198","1,46,66,91,693","3,00,44,43,415","51,07,59,540","1,50,89,70,298","43,610","4,65,994","2,18,07,067",6,25,Springwardens
4964470,Vanya 5,106,197524,MLS,"5,18,27,560","5,18,27,560","4,63,806","1,97,60,989","20,32,508","10,98,93,616","10,29,415","17,53,024","14,87,220","1,27,67,839","20,73,712","1,52,53,119","52,74,330","1,40,74,436","1,72,25,675","56,670","7,280",538,165,"77,653","3,41,90,08,595","4,10,69,53,960","3,38,74,62,284","4,27,78,45,570","2,22,67,16,262","2,94,20,63,217","1,33,30,12,809","1,92,64,12,445","78,581","2,06,607","34,20,42,076",76,25,Springwardens
5135244,GrumpyG1t,106,197524,MLS,"5,16,35,195","5,16,35,195","20,65,697","1,38,22,951","7,58,048","6,07,63,845","31,38,173","2,17,206","2,62,682","67,97,651","33,90,958","1,67,83,618","49,37,540","1,39,15,404","1,59,98,633","21,131","3,913",18,15,"38,969","1,40,72,96,947","4,20,80,41,860","1,42,83,77,036","4,38,17,35,168","1,16,79,24,588","3,11,08,67,813","1,01,15,38,554","1,90,76,16,221","15,684","3,41,304","1,20,70,506",5,25,Wilderburg
5082169,Camp738,106,197524,MLS,"5,10,30,441","5,10,73,910",,"1,13,99,447","1,31,610","2,21,43,793","16,97,802","8,61,374","16,67,022","69,66,687","1,45,455","1,23,76,360","41,40,360","1,71,88,290","1,73,25,431","46,582","1,086",66,134,"43,712","1,86,66,36,418","1,50,42,26,998","1,76,30,15,039","1,52,54,25,998","77,12,54,356","88,70,88,046","51,36,07,496","56,72,57,746","22,352","2,02,392",,,25,League of Order
10833703,sammy999,106,274042,FlSG,"5,04,74,914","5,04,74,914",,"5,96,541","87,052","1,75,94,993","38,715","75,231","1,62,180","2,70,323","44,206","1,60,70,709","52,16,620","1,55,23,512","1,36,64,073","20,036","1,140",18,22,"38,006","1,79,93,96,044","2,63,05,05,877","1,67,88,77,872","2,66,82,30,172","1,40,09,89,117","1,93,75,95,932","43,55,41,616","86,13,96,439","24,155","3,19,163","28,94,72,351",65,25,League of Order
6137431,ill fate,106,355714,phx1,"5,04,74,691","5,04,74,691","3,59,609","2,71,83,610","7,17,168","9,35,01,777","29,59,879","1,08,545","4,36,233","2,09,72,007","27,00,057","1,27,38,259","44,16,370","1,81,62,584","1,51,57,478","11,944","11,207",1,155,"60,671","83,90,66,299","3,09,61,74,600","1,31,58,95,518","3,27,92,43,482","1,20,97,07,290","2,29,30,13,585","58,63,73,680","1,22,39,20,409","1,579","2,48,345","9,70,87,178",35,25,Springwardens
14611518,ᵂʰʸF2payy K Lụy,106,197524,MLS,"5,04,57,121","5,04,57,121","20,00,278","14,02,90,816","4,48,797","14,18,92,781","2,51,59,763","10,16,174","26,00,965","9,96,06,184","1,18,90,066","1,33,00,480","54,20,330","1,47,24,982","1,70,11,329","50,767","8,004",75,537,"36,750","1,19,67,33,096","5,42,89,72,056","1,40,72,49,592","6,48,37,24,393","87,18,78,862","4,71,16,74,212","1,12,65,14,469","1,93,76,14,214","1,211","5,01,323","2,32,73,35,050",522,25,League of Order
14113585,NestlE,106,197524,MLS,"4,89,01,278","4,89,01,278","78,919","3,87,76,988","3,61,315","5,64,06,942","16,37,382","9,96,357","52,54,303","2,53,76,431","55,09,561","1,52,79,666","40,81,090","1,17,76,289","1,77,64,233","35,580","5,969",8,37,"51,348","75,36,38,007","2,93,22,94,696","78,32,39,681","3,55,97,59,381","67,60,88,186","2,47,32,51,684","28,42,50,318","1,14,95,91,566","43,943","7,18,073",,,25,League of Order
4940809,Lady bug,106,197524,MLS,"4,85,22,170","4,85,22,170","10,708","19,11,794","19,143","2,50,17,122","1,37,841","60,605","1,87,463","13,26,410","1,93,250","1,51,42,087","36,20,360","1,40,97,858","1,56,61,865","21,616","1,831",4,30,"42,806","1,90,01,39,244","2,31,90,41,817","1,76,73,90,863","2,22,69,43,442","1,45,17,39,217","1,73,41,74,174","71,47,55,565","1,06,77,47,636","34,959","2,35,088","50,00,001",1,25,League of Order
13349850,Americano 123,106,197524,MLS,"4,84,31,975","4,84,37,779","24,77,578","3,38,78,973","16,25,178","11,46,94,731","24,75,639","4,93,179","11,24,479","2,49,59,897","47,27,217","1,58,26,919","46,28,430","1,47,42,351","1,32,32,119","48,820","7,906",149,330,"67,024","1,46,25,37,601","3,51,63,24,985","1,39,36,34,744","3,67,50,15,145","1,05,16,07,746","2,49,96,95,081","64,14,17,178","1,06,56,01,026","71,036","3,94,249","20,70,00,000",48,25,Wilderburg
5651181,Lascual,106,355714,phx1,"4,82,07,810","4,82,21,534",,"3,83,194","1,96,478","1,18,21,987","38,639","4,940","19,527","3,16,852","3,236","1,60,80,301","32,87,670","1,55,64,326","1,32,73,193","12,341","1,044",,5,"33,140","2,32,83,74,806","2,28,33,34,148","2,20,32,70,445","2,27,09,33,870","1,51,35,06,128","1,40,09,40,945","54,17,98,181","74,98,59,920","3,700","1,53,957",,,25,Wilderburg
4840744,Cold9195,106,355714,phx1,"4,81,67,881","4,81,76,813",,"12,40,688","4,39,761","3,14,74,722","5,684","44,453","26,041","11,10,146","54,364","1,38,61,706","62,90,230","1,38,07,308","1,42,08,637","24,677","1,612",,1,"24,518","2,26,78,42,599","2,73,69,02,826","2,11,27,26,353","2,77,17,51,319","1,37,31,10,176","1,76,56,77,888","90,94,57,090","1,02,81,98,442",68,"2,41,587","1,05,20,000",3,25,Springwardens
4004042,Sprouse,106,197524,MLS,"4,72,54,794","4,72,54,794","7,68,120","1,58,20,518","9,88,988","7,61,93,326","9,04,969","1,14,853","4,57,316","1,12,55,796","30,74,592","1,33,36,278","46,43,880","1,36,45,736","1,56,28,900","19,040","7,549",4,47,"39,651","1,15,87,73,926","2,03,91,09,602","1,17,20,78,405","2,10,98,56,414","88,26,77,461","1,61,93,35,953","62,27,28,135","76,66,68,617",70,"1,79,757",,,25,League of Order
5301087,Ironman mk3,106,197524,MLS,"4,70,42,803","4,70,56,103","7,59,563","54,87,293","72,576","4,17,45,900","6,59,262","2,63,484","3,10,381","33,40,977","9,11,161","1,31,12,434","27,76,370","1,51,21,065","1,60,32,934","5,850","2,544",1,19,"23,514","1,26,85,09,344","2,42,18,36,620","1,05,35,47,915","2,42,36,07,263","1,09,23,80,318","1,77,16,48,110","67,33,66,670","88,61,66,988",64,"2,38,350","52,11,28,724",200,25,League of Order
10136567,Ваня 2,106,197524,MLS,"4,58,19,120","4,58,19,120","4,94,345","1,12,57,664","7,14,207","8,64,44,814","5,67,034","1,70,923","4,68,146","71,63,710","28,61,968","1,52,92,869","52,25,740","1,28,83,944","1,24,16,567","49,443","5,536",16,18,"45,358","2,74,28,46,326","4,36,17,85,224","2,67,96,37,557","4,34,87,63,275","1,64,12,99,968","3,04,89,51,716","92,63,80,290","1,73,64,87,191","50,225","2,36,345","59,96,74,069",132,25,Springwardens
5518017,Nicy,106,197524,MLS,"4,56,77,929","4,56,77,929","8,10,159","1,25,62,742","91,551","5,03,77,127","10,15,421","7,45,553","9,70,260","80,21,359","17,28,728","1,61,90,213","43,31,800","1,31,50,607","1,20,05,309","27,798","3,334",80,351,"68,071","1,60,71,48,639","1,13,60,76,283","1,54,30,72,691","1,16,69,23,801","1,27,08,97,996","77,34,08,623","74,88,09,080","35,54,57,102",486,"89,529","27,63,33,816",81,25,Springwardens
8529416,Brain freeze,106,197524,MLS,"4,56,26,779","4,56,26,779",,"17,33,298","26,281","1,91,17,532","2,28,739","58,464","12,804","14,26,308",0,"1,59,68,214","41,12,780","1,09,26,200","1,46,19,585","15,210",970,15,2,"25,421","1,24,30,71,870","2,24,28,27,070","1,28,96,45,926","2,36,47,73,005","1,00,00,64,027","1,65,46,68,961","58,13,46,230","79,03,70,482","2,094","1,22,140","26,12,08,823",71,25,League of Order
8474062,Gehirnproblem,106,197524,MLS,"4,55,55,458","4,55,55,458",101,"15,31,634","12,915","1,97,88,411","15,174","87,857","23,014","13,95,282","5,539","1,57,57,184","42,72,220","1,09,06,008","1,46,20,046","16,969",901,16,4,"25,734","1,26,59,18,117","2,28,63,24,367","1,21,83,25,952","2,37,21,64,612","99,84,31,720","1,64,48,90,973","56,64,28,576","75,81,18,343","1,940","1,22,000","40,87,65,474",108,25,Wilderburg
12569951,Tutanchamun,106,274042,FlSG,"4,54,16,434","4,54,20,794",,"2,86,434","3,629","1,26,68,007","82,473","29,489","40,120","75,254","59,098","1,55,82,275","41,05,430","1,36,97,402","1,20,31,327","15,095",477,1,5,"24,790","1,59,39,45,032","2,74,53,37,792","1,65,80,46,342","2,77,53,83,603","1,27,87,86,643","2,03,43,09,539","45,67,32,552","86,21,01,218","12,368","2,10,020","21,35,08,798",72,25,League of Order
12237003,RE0,106,,,"4,50,17,506","4,50,17,506",,"1,72,78,649","1,87,551","4,56,53,390","16,54,474","5,64,073","17,17,858","1,20,20,776","13,13,855","1,03,35,532","55,84,480","1,63,70,557","1,27,26,937","33,158","3,716",15,325,"51,697","69,72,19,137","1,68,13,69,869","59,04,71,825","1,70,66,60,057","54,10,67,143","1,24,03,09,062","25,66,44,323","66,16,55,385",20,"3,19,422","33,41,16,413",93,25,Springwardens
7441270,Kragg Hurlenfer,106,197524,MLS,"4,44,58,551","4,44,58,551",,"77,44,903","16,29,181","4,30,18,067","3,95,025","4,05,506","4,04,047","59,79,654","4,46,796","1,37,69,607","42,64,230","1,06,18,776","1,58,05,938","19,058","2,765",81,134,"37,692","1,39,19,64,542","3,16,72,68,748","1,44,67,46,885","3,22,13,77,257","90,79,32,912","2,10,35,04,326","49,98,90,860","97,54,89,049","6,612","1,47,579","12,24,25,138",34,25,Wilderburg
5665491,Taraniiis,106,197524,MLS,"4,40,35,626","4,40,35,626","33,754","52,34,680","5,09,795","3,29,11,490","6,14,464","14,93,540","5,45,031","20,10,981","2,66,209","1,46,87,303","36,34,310","91,87,591","1,65,26,422","30,645","1,617",217,119,"30,387","98,75,04,121","1,14,37,73,600","98,61,82,778","1,20,59,52,600","70,06,39,053","78,21,90,850","27,02,33,852","36,64,54,250",40,"1,08,159",,,25,Springwardens
5079231,Yuthsean,106,197524,MLS,"4,29,38,240","4,59,27,920","7,58,027","1,44,08,796","8,26,453","4,91,17,982","12,38,786","6,97,984","18,99,223","88,27,330","16,16,881","1,42,24,660","48,55,000","80,30,784","1,58,27,796","26,608","3,263",177,337,"38,994","1,88,99,34,450","2,83,82,61,182","1,82,98,64,726","2,88,05,01,877","1,08,45,08,661","1,77,91,77,018","50,08,05,697","90,38,80,938","4,197","1,28,931","12,13,97,095",46,25,Wilderburg
6480281,CP THE DUDE,106,355714,phx1,"4,17,83,686","4,17,86,042","2,70,400","47,37,728","6,51,064","4,95,21,341","1,06,308","66,880","2,45,684","35,27,085","7,81,800","1,19,19,115","51,15,360","1,15,63,644","1,31,85,567","44,246","5,007",6,16,"35,156","1,16,00,92,267","2,83,35,79,126","1,16,62,31,746","2,83,72,06,101","80,87,64,628","1,81,12,94,095","62,84,60,193","1,00,54,55,980","17,746","1,73,547",,,25,League of Order
5030671,Kurt Murt,106,355714,phx1,"4,13,33,303","4,13,37,727","5,84,881","4,60,76,527","6,81,672","13,97,12,121","4,78,140","3,61,511","16,59,629","3,93,96,743","41,49,452","1,01,64,818","64,72,600","1,08,97,095","1,37,98,790","47,581","16,496",2,455,"57,593","50,69,55,483","2,67,74,60,168","76,23,58,785","2,91,15,27,720","76,26,40,139","1,96,39,37,528","48,91,51,773","1,15,63,57,324",73,"7,86,859","6,74,93,882",38,24,League of Order
16140740,Raen De Leon,106,355714,phx1,"4,03,89,628","4,03,98,488","23,557","22,58,766","68,111","1,68,87,841","2,85,257","3,13,129","7,70,236","7,50,003","1,07,023","1,52,70,054","43,28,200","1,06,51,969","1,01,39,405","25,950","1,545",51,54,"12,210","1,19,38,70,682","2,88,30,24,623","1,13,35,62,532","2,97,39,93,953","79,89,39,420","1,95,58,98,905","35,48,98,650","76,81,93,665","20,661","3,16,289","86,337",1,25,Springwardens
5069258,ᴺᵉʷᶜᵒᵐᵉʳSean,106,197524,MLS,"3,88,49,365","3,88,49,365","17,40,641","1,97,09,473","1,15,512","3,63,90,377","24,13,208","20,47,031","23,17,653","1,13,88,256","14,05,697","1,25,45,421","46,70,030","1,16,33,019","1,00,00,895","21,804","1,637",232,998,"37,882","98,56,07,069","93,82,16,111","96,89,95,007","93,67,15,712","59,43,78,308","61,89,75,701","48,19,29,678","32,34,18,701","1,073","46,078","3,30,30,405",17,25,League of Order
5108953,Diedra of Amber,106,197524,MLS,"3,78,89,047","3,78,89,047",,"3,34,974","34,410","44,14,160","70,712","87,025","1,01,850","73,333",0,"1,16,28,550","36,92,290","1,41,80,194","83,88,013","5,328",647,4,4,"23,465","1,32,56,23,229","1,16,05,71,300","1,32,55,00,354","1,14,58,15,600","1,27,89,40,094","87,65,31,450","47,72,42,273","38,15,81,250","1,329","1,13,210",,,25,Springwardens
11865774,sammyfrm,106,274042,FlSG,"3,76,14,620","3,76,14,620",,"2,92,328","4,167","82,90,950","92,836",531,"2,606","1,56,700","39,423","1,40,26,451","37,02,070","1,09,62,056","89,24,043","10,005",444,1,6,"15,989","1,08,58,32,924","2,15,76,91,611","1,09,63,96,762","2,17,70,62,583","89,53,44,074","1,57,29,04,707","35,05,03,646","62,34,48,150","1,040","96,615","8,86,41,661",48,25,League of Order
4459867,Bjara,106,355714,phx1,"3,74,09,777","3,74,09,777",,"5,66,781","1,06,429","39,77,871","26,301","14,458","43,711","4,69,547","5,378","1,06,74,253","19,46,750","1,12,59,099","1,35,29,675",732,269,1,27,"14,224","1,37,97,02,387","1,02,90,83,332","1,31,10,58,490","1,03,05,64,744","1,10,41,70,138","79,06,86,172","59,46,51,360","52,75,96,750",80,"1,82,236",,,25,League of Order
15270684,Scott Too,106,197524,MLS,"3,71,34,607","3,71,34,607","1,54,197","89,90,897","3,509","5,55,17,775","1,03,735","6,212","6,947","71,33,928","17,40,075","1,23,95,622","44,42,880","1,08,77,892","94,18,213","30,829","4,170",,41,"27,964","76,38,89,273","3,19,17,76,456","79,11,92,121","3,28,15,30,955","61,79,82,690","2,31,09,98,583","26,79,45,904","1,03,78,97,769",,"1,82,284","12,76,57,568",47,25,Springwardens
15549454,LoveZX,106,355714,phx1,"3,68,50,546","3,68,50,546",,"2,01,799","1,04,247","1,25,69,652","7,421","10,517","9,798","1,49,190","24,438","1,13,00,821","51,52,860","91,11,658","1,12,85,207","17,825",602,1,,"15,045","83,82,33,912","2,52,30,82,010","76,24,59,685","2,66,70,61,763","59,56,47,457","1,68,74,23,211","42,88,43,374","74,16,36,871",,"2,22,521",,,24,League of Order
7637806,MiniShine,106,355714,phx1,"3,65,04,172","3,65,04,172",,"14,71,940","4,508","2,65,90,361","2,59,669","13,807","7,954","6,86,359","5,04,151","94,88,341","29,77,790","1,16,45,755","1,23,92,286","21,349","2,076",,5,"18,442","1,11,24,05,494","1,46,55,25,712","1,12,62,15,427","1,51,46,44,739","84,34,25,365","1,01,17,26,714","46,80,69,630","55,98,20,583",716,"69,836",,,25,Springwardens
13327071,Frostifarm,106,197524,MLS,"3,59,90,677","3,59,90,677",,"60,314","75,722","1,36,23,276","5,621","1,000",52,"41,512","11,129","1,31,07,737","40,32,310","88,24,302","1,00,26,328","16,144",494,2,2,"13,717","87,99,39,413","2,32,43,63,001","88,69,96,837","2,42,57,42,194","71,49,80,118","1,68,24,50,328","37,26,75,240","66,51,95,150","1,440","1,05,720","60,40,268",3,25,Wilderburg
12718366,Haremhab,106,274042,FlSG,"3,57,96,160","3,57,96,160",,"6,94,768","17,903","85,51,842","5,14,530","6,872","40,516","86,791","46,059","1,40,41,955","36,67,490","97,45,940","83,33,079","9,633",406,,3,"15,549","98,44,98,200","2,16,89,32,708","95,92,60,061","2,20,26,13,577","79,69,96,912","1,60,24,78,255","34,64,66,928","60,99,34,900",580,"44,333","2,71,30,943",19,25,League of Order
14891273,dantonq,106,197524,MLS,"3,44,27,216","3,44,27,216","2,95,786","55,27,948","5,995","1,59,26,785","40,62,276","8,088","24,315","11,72,100","2,61,169","1,33,30,954","29,83,390","86,65,040","94,47,832","4,301","1,718",,6,"15,140","1,51,67,17,999","3,31,44,43,715","1,47,37,86,549","3,33,65,57,835","80,50,34,065","2,09,69,13,132","40,83,05,948","72,71,31,509",266,"1,62,532","1,62,95,54,167",411,25,Wilderburg
5114569,LichKing,106,197524,MLS,"3,33,51,467","3,34,51,528",,"4,64,152","2,40,629","78,31,012","1,60,744","1,00,005","29,575","95,628","73,597","1,15,27,062","21,98,300","51,79,796","1,44,46,309","5,645",705,2,,"31,729","1,01,23,28,631","79,17,26,566","98,26,64,063","78,24,44,187","76,93,03,218","56,71,24,565","31,58,19,085","28,32,45,700",120,"81,078",,,25,League of Order
14891346,Heiimdall 2,106,197524,MLS,"3,24,66,866","3,25,22,068","2,42,812","41,27,806","1,71,844","1,89,75,167","31,57,786",504,"5,535","7,96,595","1,66,664","1,36,14,793","35,61,320","71,93,801","80,96,952","9,123","1,892",,3,"13,383","1,13,03,44,898","2,55,47,14,982","1,03,76,86,097","2,46,07,12,323","77,81,22,922","1,82,02,21,642","50,49,60,232","65,40,37,372",493,"1,59,386","24,77,76,702",53,25,League of Order
5079171,Thierry 007,106,197524,MLS,"3,11,39,089","3,12,20,713","4,27,966","25,51,378","2,25,347","2,88,59,967","2,21,434","19,396","10,920","13,93,651","8,89,658","1,24,86,897","32,44,650","86,13,212","67,94,330","17,171","2,104",20,17,"11,879","97,55,91,055","2,21,99,38,304","97,61,92,506","2,19,10,49,739","90,59,59,477","1,64,48,83,394","39,24,54,015","58,28,35,502",50,"1,14,108",,,25,League of Order
4966439,Lord williams,106,355714,phx1,"3,02,16,668","3,02,16,668",,"62,99,479","3,06,165","2,81,13,211","3,10,212","2,15,766","3,89,527","50,00,948","3,82,686","70,43,006","37,01,200","97,74,187","96,98,275","8,100","2,268",2,105,"26,809","45,95,60,885","83,29,44,481","45,95,88,040","83,74,46,901","43,50,45,787","63,70,80,559","32,02,95,210","29,57,08,520",10,"1,00,306","64,56,542",4,24,League of Order
5065459,LolloDiva,106,197524,MLS,"2,97,44,109","2,97,44,109",,"3,88,159","4,14,133","2,65,61,926","15,804","42,922","61,231","2,49,991","18,211","1,18,73,072","37,91,390","1,05,38,404","35,41,243","23,719","1,150",,2,"8,757","53,84,05,589","2,09,73,99,412","36,47,18,884","2,00,33,06,051","50,02,76,357","1,41,80,50,042","18,02,38,211","51,11,17,681",70,"2,04,751",,,25,League of Order
15270280,Carrascox6,106,197524,MLS,"2,95,39,951","2,95,67,691","27,90,373","1,14,42,513","7,542","5,08,30,200","2,25,858",1,"1,756","1,03,62,251","8,50,865","79,67,214","35,57,250","1,01,32,738","78,77,173","11,366","2,771",,9,"15,573","1,28,67,87,648","3,03,40,23,367","1,21,15,81,045","3,03,62,91,581","83,81,94,588","1,99,87,69,465","42,10,70,027","87,88,57,679",20,"1,26,396","71,82,89,488",457,24,League of Order
4951120,Ezio Auditore,106,197524,MLS,"2,89,53,492","3,07,84,040","12,83,790","3,88,39,126","76,268","4,88,70,113","33,45,086","9,95,005","43,27,984","2,87,93,824","12,45,534","1,07,23,294","31,46,040","73,35,601","77,48,557","20,898","2,172",90,"1,561","57,218","66,17,70,949","33,39,05,541","59,84,84,318","39,66,79,067","45,05,45,078","26,79,44,324","29,86,18,270","22,27,46,014","5,883","36,250","4,15,62,950",13,25,Wilderburg
5094705,Thir Thengel,106,197524,MLS,"2,87,03,987","2,87,05,867",,"4,21,786","92,701","1,47,73,724","79,425","1,07,308","31,188","1,54,947","16,446","94,43,878","29,97,930","84,61,926","78,00,253","7,696",833,18,71,"30,326","89,41,73,848","97,31,05,415","93,73,82,883","1,01,57,29,684","63,38,92,856","65,21,90,234","30,23,96,717","30,01,78,870",20,"42,822",,,25,Springwardens
5054046,DI,106,197524,MLS,"2,84,19,075","2,84,19,075",,"3,72,98,671","4,35,279","4,53,23,786","57,11,757","61,19,384","70,16,853","1,62,83,645","17,67,002","90,21,616","24,37,290","83,10,655","86,49,514","16,422","8,630",438,919,"35,750","66,16,54,217","9,73,44,000","63,96,34,140","9,86,77,000","48,23,19,756","5,49,36,000","36,37,67,744","1,11,68,000",325,"2,000","1,27,93,116",12,24,League of Order
15989486,Greenbird,106,355714,phx1,"2,83,37,259","2,83,37,259",,"25,88,495","1,32,895","3,44,69,622","46,106","1,038","4,884","21,71,519","3,64,326","87,86,602","36,85,060","80,07,186","78,58,411","14,033","3,087",,10,"14,540","1,17,83,23,962","2,47,71,73,020","1,17,40,48,295","2,50,71,01,684","69,53,32,570","1,53,76,91,948","47,96,23,265","66,29,54,815","3,401","91,717","40,81,10,562",185,25,League of Order
657773,SpikeyDog,106,197524,MLS,"2,82,72,661","2,82,72,661",,"14,64,435","1,21,888","1,33,10,693","46,657","61,816","3,13,179","10,31,583",971,"1,40,92,192","20,28,970","82,21,970","39,29,529","1,428","1,471",,13,"15,998","79,89,65,558","52,65,34,000","76,87,82,603","52,63,17,000","71,53,03,181","37,76,64,500","13,96,38,280","11,02,36,000",60,"91,508",,,25,Springwardens
15581958,ZX2TY,106,355714,phx1,"2,77,60,029","2,77,60,029",,"13,767","3,917","1,04,79,920","3,235","1,493","4,912","4,116",0,"80,72,809","36,16,740","77,20,886","83,49,594","11,639",658,,,"9,504","59,97,04,342","1,90,23,90,882","57,78,01,947","2,00,67,19,065","42,89,18,463","1,22,89,79,574","36,27,14,493","58,18,65,200",,"1,42,371","4,65,38,484",16,24,Springwardens
5091364,M4Dcevyn ᴱᵀ,106,,,"2,67,18,105","2,67,18,105",,"65,28,508","1,45,955","1,64,54,135","1,69,837","7,25,520","11,25,560","40,36,628","4,38,693","94,48,222","25,42,380","68,25,242","79,02,261","13,205","2,068",12,200,"34,653","48,93,77,863","2,68,86,000","48,00,77,916","3,12,16,000","35,68,04,909","1,75,10,000","20,33,95,468","1,46,74,000",71,"6,300",,,25,Wilderburg
8442604,MURRØK,106,197524,MLS,"2,62,78,708","2,62,78,708","69,780","41,19,390","3,92,967","1,79,99,802","14,18,407","40,873","24,047","23,77,946","2,58,046","75,10,022","35,85,600","69,11,488","82,71,598","10,438",468,1,6,"10,852","1,03,62,27,689","2,34,73,39,307","95,65,78,717","2,38,58,89,691","86,35,90,029","1,77,39,40,083","38,04,41,195","61,38,04,369",,"1,53,124","1,81,33,10,854",649,24,Wilderburg
4822968,ˣ Luv,106,197524,MLS,"2,51,77,570","2,52,43,542","4,63,345","45,87,189","72,150","1,38,84,090","3,74,659","1,91,804","6,72,871","30,81,549","2,28,479","92,53,401","33,90,820","58,14,023","67,19,326","13,630","1,198",31,104,"31,445","60,80,92,016","66,20,10,955","59,47,19,946","65,62,39,998","32,45,76,459","43,14,80,378","22,51,16,289","19,91,53,532",150,"17,568","25,50,000",1,25,League of Order
4929805,MeRcY,106,197524,MLS,"2,43,71,471","2,43,71,471","13,00,798","54,78,662","2,83,386","2,10,45,850","8,08,614","4,97,048","5,64,528","17,80,153","17,94,746","94,87,406","33,13,080","50,74,951","64,96,034","5,828","1,610",22,235,"39,921","97,79,93,908","89,02,22,120","1,12,28,78,116","1,01,71,48,436","83,03,47,430","72,28,82,767","33,60,80,739","27,76,27,263",921,"1,25,263","37,77,417",4,24,League of Order
4963292,Dr LUFFY,106,197524,MLS,"2,43,34,549","2,86,61,597",,"59,10,291","1,60,307","2,47,16,419","5,73,010","11,57,814","12,77,001","28,59,404","23,746","81,16,663","24,72,550","5,56,317","1,31,89,019","11,488","3,110",15,233,"35,013","76,13,42,967","45,24,67,527","80,52,64,064","48,66,54,697","53,58,22,839","30,80,01,029","28,98,27,886","25,49,21,639",384,"71,780","8,88,871",2,25,League of Order
14993803,Pəarcɛy,106,197524,MLS,"2,31,48,421","2,31,48,421","6,15,642","5,77,380","47,895","1,50,41,889","90,922",55,154,"4,11,105","74,339","84,66,872","26,62,780","45,01,770","75,16,999",816,742,1,8,"10,442","1,24,33,55,841","2,40,02,99,766","1,19,51,18,071","2,47,72,65,443","99,98,90,697","1,81,27,95,732","14,62,14,182","46,21,36,662",67,"1,47,476","2,06,34,15,263",729,24,League of Order
14875185,LS24,106,355714,phx1,"2,06,70,926","2,06,70,926","59,317","22,63,515","1,87,866","1,76,85,311",192,782,"3,283","20,31,775","2,27,285","52,57,702","32,79,260","94,26,711","27,07,253","5,723","1,213",,4,"18,299","8,83,79,427","1,59,55,15,236","6,61,22,371","1,65,31,41,184","7,87,74,319","1,05,69,84,405","5,09,03,815","42,36,36,132",,"1,97,233","46,57,64,033",243,24,Springwardens
5365176,MagicalHP,106,355714,phx1,"2,06,67,478","2,06,67,478",,"3,20,233","1,95,548","47,68,759","9,417","12,485","8,372","2,27,158","62,801","74,69,464","14,72,050","68,69,672","48,56,292",511,410,,2,"13,165","55,42,73,578","1,08,54,87,664","45,88,22,538","1,09,09,31,486","49,85,10,717","83,40,91,567","24,88,26,736","34,58,36,600",,"71,270","1,69,987",1,24,League of Order
15467911,Zickchenfarm,106,274042,FlSG,"2,05,50,763","2,05,50,763",,"70,216",,"71,02,551","1,428","38,697","30,091",0,0,"54,55,889","30,29,980","60,46,970","60,17,924","6,541",462,,,"3,842","42,48,27,390","1,18,37,03,134","45,17,95,667","1,26,10,73,092","39,98,61,589","85,54,57,561","25,28,65,253","41,69,93,760",240,"51,990","54,00,000",2,23,Wilderburg
15412374,Zickchen,106,274042,FlSG,"2,02,84,530","2,02,84,530",,"31,881","1,616","66,94,388","3,062","27,272",0,525,0,"53,25,706","28,69,940","60,36,706","60,52,178","6,452",472,7,1,"3,521","40,66,02,892","1,13,27,00,919","43,54,32,536","1,21,35,79,142","35,62,53,378","81,65,45,938","26,60,57,039","40,26,21,449",80,"50,300","56,64,835",3,23,League of Order
7314667,Ironman mk5,106,197524,MLS,"1,96,76,155","1,96,76,155","6,975","1,06,080","50,312","24,01,563","7,342","15,915","50,535","21,853","10,435","67,19,247","15,53,480","47,85,704","66,17,724",986,243,,1,"7,547","48,80,09,609","1,13,98,68,122","39,55,67,452","1,17,19,39,436","34,55,63,040","79,25,71,213","30,30,84,861","29,28,00,363",20,"70,710","46,10,64,328",201,23,League of Order
16884783,sleepymini909,106,197524,MLS,"1,95,14,046","1,95,14,046","5,04,975","7,23,184","16,470","1,05,81,901","3,018","3,676",847,"5,28,189","1,86,786","45,20,322","31,24,440","65,74,042","52,95,242","4,786",517,,4,"10,338","70,11,12,672","1,73,85,65,654","59,62,19,931","1,71,65,37,979","55,74,86,772","1,23,99,29,143","15,68,88,838","41,46,57,026",180,"1,31,338","1,33,00,82,788",528,23,Wilderburg
15455843,Ironman mk2,106,197524,MLS,"1,90,94,021","1,90,94,021","10,241","20,091",,"21,79,444",900,0,0,"17,195","1,996","82,41,686","14,74,070","36,15,410","57,62,855",275,238,,,"8,484","51,69,59,042","1,53,20,74,028","26,81,66,456","1,44,95,16,956","33,50,63,443","1,00,93,49,906","37,16,72,191","38,31,72,050",,"61,843","23,20,00,000",116,24,Wilderburg
10848319,Lil spidey,106,197524,MLS,"1,88,27,733","2,04,76,786","1,84,000","21,74,269","5,36,407","1,69,44,336","1,15,698","75,138","1,81,210","15,13,189","2,64,750","65,08,703","25,59,070","33,49,581","64,10,379","3,576","1,209",51,5,"15,815","2,26,80,82,400","2,92,96,85,364","1,59,64,93,906","2,51,54,95,649","1,07,29,03,274","1,66,77,17,882","27,80,93,918","39,50,98,794",10,"1,06,620","2,83,42,48,793","1,037",24,League of Order
5142444,VoLdOrAk,106,274042,FlSG,"1,87,71,727","1,87,71,727",,"5,34,079","76,658","84,43,761","50,325","89,075","52,864","2,72,498","20,173","55,46,473","32,08,800","54,75,196","45,41,258","5,573",459,23,52,"22,747","55,36,53,840","20,07,14,100","52,99,08,893","19,90,95,100","36,47,54,298","13,89,54,200","22,24,49,193","5,48,71,250",30,577,,,23,League of Order
5107105,By Baron,106,197524,MLS,"1,86,29,133","2,53,06,954","2,83,941","3,97,800","1,29,752","1,17,46,607",323,"2,188","4,123","3,70,007","20,523","99,39,069","38,63,670","2,44,932","45,81,462","18,679",971,1,,"12,418","62,11,22,198","1,89,59,70,498","50,36,89,340","1,87,06,66,343","34,33,61,478","1,17,15,15,348","13,61,80,347","42,06,92,998",200,"1,00,974",,,25,League of Order
16019137,Гэндальф,106,197524,MLS,"1,83,36,159","1,83,36,159","99,957","2,44,326","37,015","96,11,582","7,748",173,"2,643","2,04,349","26,683","69,06,783","35,10,470","45,37,964","33,80,942","11,557","2,016",,,"5,714","62,80,28,308","1,93,47,40,238","64,99,66,726","2,00,67,56,102","45,27,91,950","1,37,02,97,606","44,39,93,143","73,77,64,493","7,747","1,32,358","2,34,00,000",9,24,League of Order
5106123,Скибыч,106,,,"1,79,50,738","1,81,29,394",,"12,41,880","1,96,271","1,51,81,374","1,03,927","94,757","2,13,195","7,70,126","53,010","73,51,454","21,62,240","39,98,212","44,38,832","5,519","1,652",11,55,"18,370","74,02,30,622","5,74,27,536","78,04,12,978","5,77,45,441","59,06,99,669","4,68,33,869","20,77,60,402","80,53,750",98,"2,320",,,25,Wilderburg
4926894,Coco Rujiヾ,106,,,"1,77,42,022","2,28,47,589",,"96,62,265","1,19,472","1,28,52,023","7,29,379","8,61,431","12,87,945","65,15,260","2,11,082","1,04,88,324","16,88,400","1,53,933","54,11,365","11,519","1,334",69,38,"44,412","52,51,31,490","11,95,44,000","65,28,76,307","11,87,46,000","42,65,94,742","8,81,67,500","18,10,06,447","3,85,68,000",44,"15,865","1,87,82,766",11,25,League of Order
5077002,Åndręśš,106,197524,MLS,"1,75,96,423","1,75,96,423",,"3,26,911","65,563","37,60,468","79,077","1,36,644","75,423","18,429",0,"45,93,177","33,29,990","50,31,139","46,42,117","7,397",242,30,17,"9,342","40,62,16,069","71,91,36,455","32,72,62,862","71,73,13,355","26,69,19,608","52,95,36,652","5,73,90,624","26,15,77,480",,"1,40,443",,,23,League of Order
5113186,Drchapel,106,274042,FlSG,"1,74,18,660","1,74,18,660",,"17,42,569","1,31,229","47,34,478","3,98,720","5,41,894","4,02,757","2,00,164",0,"90,66,606","18,84,940","24,99,797","39,67,317","4,778",870,154,10,"8,776","42,10,37,578","53,31,76,960","43,02,51,598","52,69,02,310","34,17,87,239","37,01,96,049","6,62,49,062","11,93,24,270",510,"93,241",,,25,League of Order
5082655,ʳʰˢVow3L,106,,,"1,73,93,477","1,73,93,477",,"25,18,441","1,51,162","86,31,734","4,46,187","2,70,816","4,11,893","12,84,685","85,832","52,01,018","21,72,430","53,31,989","46,84,640","5,516",530,7,61,"18,329","24,23,37,410","28,97,20,099","25,66,56,987","28,19,50,099","20,80,08,500","20,34,65,279","10,61,64,668","8,91,93,799",50,"30,736","26,00,000",1,23,League of Order
6652271,Ironman mk9,106,197524,MLS,"1,73,60,261","2,08,68,039","51,060","2,06,139",506,"22,13,429","30,200",564,"3,302","1,56,725","13,900","58,86,655","10,93,160","18,95,881","84,84,565",525,208,5,2,"6,789","39,17,30,742","91,03,03,913","36,02,89,900","90,25,95,184","36,46,99,514","63,64,51,944","30,45,95,073","29,16,71,606",,"47,900","22,08,80,612",105,23,Wilderburg
5157098,ʳʰˢ Skyer,106,274042,FlSG,"1,62,68,070","1,62,68,070",,"1,06,71,280","2,23,816","2,46,57,767","17,95,296","19,92,625","15,49,038","48,82,771","1,78,821","62,99,521","24,99,700","35,56,139","39,12,710","8,729","2,227",283,"1,647","35,133","52,94,27,477","28,52,11,593","50,81,73,622","27,36,43,597","43,76,52,150","19,47,67,460","15,00,66,294","6,59,30,759",152,"33,737","7,49,37,591",56,23,League of Order
17421945,Grumpysfarm,106,197524,MLS,"1,42,94,288","1,42,94,288","1,81,632","23,604",,"33,22,315",0,0,0,"18,850","4,754","47,23,194","20,10,360","46,80,090","28,80,644","1,813",115,,,"5,840","81,20,84,217","1,71,14,51,442","77,28,45,016","1,71,99,78,488","63,16,35,526","1,16,99,17,551","15,17,21,341","32,78,47,394",180,"70,476","1,46,22,80,573",626,22,League of Order
14632784,babyspidey,106,197524,MLS,"1,34,02,991","1,34,02,991",,"6,42,619","81,948","54,74,601",793,"26,616","1,92,126","4,21,963",402,"45,84,787","15,93,820","42,45,597","29,78,787",577,401,,,"6,333","1,48,70,77,950","1,65,53,19,175","1,79,95,60,308","1,97,41,09,372","91,90,64,717","1,04,21,90,086","13,69,64,900","20,02,19,245",,"64,481","1,89,31,89,786",735,23,League of Order
5100230,ᴿᴹ GevDakaar,106,,,"1,33,31,660","1,33,31,660",,"1,30,63,775","1,61,576","1,39,50,020","24,91,059","34,67,181","34,37,873","32,36,427","1,02,064","47,91,457","18,58,000","39,39,739","27,42,464","8,763","1,914",195,445,"18,792","12,03,07,078","12,54,500","18,62,96,923","12,66,500","15,98,22,761","9,68,000","6,51,22,658","4,78,500",10,,"6,67,731",3,23,League of Order
19450354,ITFDB,106,197524,MLS,"1,31,64,415","1,31,64,415","1,40,341","60,387",350,"79,12,719",0,78,"4,392","47,413","8,504","41,74,460","30,44,800","35,03,098","24,20,057","8,330",317,1,,"8,899","39,37,27,312","75,02,29,990","36,42,73,404","74,77,64,083","28,13,75,528","49,54,59,683","11,82,17,183","16,23,39,017",,"31,791","6,52,00,000",30,22,League of Order
5059959,Shadow demon,106,197524,MLS,"1,27,85,221","1,27,85,221",,"3,69,573","1,07,025","39,11,858","36,515","88,821","74,099","82,994","39,931","51,73,288","21,31,810","26,94,778","27,85,345","4,005",301,27,4,"16,769","14,48,94,326","48,63,93,543","9,54,44,561","46,03,20,793","6,27,54,949","31,09,38,252","3,37,86,248","10,39,33,467",720,"75,612","22,63,725",4,23,Wilderburg
5081251,Udhin,106,197524,MLS,"1,26,32,784","1,26,32,784","1,077","1,85,777",,"56,39,660","62,897","99,371","9,772","12,070","1,667","45,87,316","27,78,670","31,05,940","21,60,858","6,136",306,,13,"9,176","48,69,77,123","69,95,69,200","43,26,21,270","68,90,48,940","25,52,26,983","43,75,45,925","9,72,67,301","15,46,71,250",90,"48,890",,,23,League of Order
16887640,Andycapp 2,106,355714,phx1,"1,20,56,299","1,20,56,299",,"14,711",,"47,55,514",0,0,0,0,0,"33,72,162","19,63,740","40,08,721","27,11,676","4,327",330,,,"8,271","35,26,71,033","70,54,32,900","33,40,98,443","74,09,75,148","21,74,92,860","44,34,93,850","11,97,15,897","18,45,59,550",,"35,975","48,00,000",3,22,Springwardens
5080012,Sting00,106,197524,MLS,"1,17,34,302","1,17,34,302","32,244","4,81,208","49,932","20,09,874","80,038","1,73,092","1,03,022","77,268","12,886","43,76,175","27,41,070","21,87,872","24,29,185","2,871",170,14,21,"9,623","11,87,87,607","35,14,57,194","10,42,20,064","35,11,80,142","7,60,93,709","26,62,99,288","5,35,85,755","9,48,51,778",10,"1,94,076",,,22,League of Order
5067543,Bellarh,106,197524,MLS,"1,13,49,014","1,13,49,014",,"1,03,408","48,666","8,05,566","37,798","39,242","11,000","9,923",0,"26,90,662","19,23,050","36,47,905","30,87,397",508,149,7,7,"4,446","5,76,01,189","37,21,98,860","5,28,96,311","36,51,78,210","5,36,37,418","26,36,32,772","2,34,71,986","10,56,05,490",120,"36,760",,,20,Wilderburg
5087473,Lonewølf,106,197524,MLS,"1,10,86,000","1,10,86,000",,"7,41,110","1,05,450","35,60,618","17,244","2,87,989","2,20,571","2,00,550","11,767","56,44,116","20,21,640","18,43,367","15,76,877","1,707",464,12,9,"21,052","11,83,71,284","36,31,72,920","15,98,32,073","36,72,66,800","12,79,09,684","26,32,75,875","4,93,72,693","4,25,32,200",80,"75,255","60,000",1,24,League of Order
13789311,Sean Farm,106,197524,MLS,"1,05,04,367","1,05,04,367","2,85,571","21,76,218","5,051","57,14,394","61,407","4,41,210","7,37,842","9,24,891","10,761","30,22,381","22,76,890","28,90,891","23,14,205","4,898",381,,151,"12,832","46,16,78,780","40,78,19,380","42,68,19,033","39,93,93,374","21,87,26,073","22,82,48,018","7,38,69,975","7,63,87,569",22,"4,805","43,69,94,811",207,21,Springwardens
16570551,ID Unknown II,106,197524,MLS,"1,04,52,697","1,04,52,697","1,97,000","18,614","23,120","28,93,706","11,663",342,306,"6,289",14,"25,43,356","23,70,700","40,67,841","14,40,800","1,846",46,,3,"4,335","53,20,27,136","1,03,18,04,732","76,37,39,006","1,27,65,00,015","56,95,64,176","81,49,94,060","2,97,78,917","14,85,75,290",20,"1,22,296","1,38,93,79,524",813,21,Wilderburg
5027245,Piggybanks,106,196210,EmTm,"97,10,041","97,10,041","1,51,263","1,34,53,873","1,08,605","1,46,38,811","33,61,824","54,84,724","27,49,032","14,71,875","29,279","33,37,681","13,45,730","30,90,276","19,36,354","6,589","1,354",439,818,"33,944","21,78,33,008","30,88,17,346","20,15,51,570","31,58,09,308","16,61,10,094","24,56,44,167","7,41,98,308","8,88,31,714","2,850","2,595","22,72,00,662",97,23,League of Order
19449976,Nocto JR,106,197524,MLS,"94,49,114","94,49,114","1,64,605","2,59,029","8,388","28,78,051","3,410","25,584","1,97,709","18,887","12,689","33,15,092","17,70,700","23,98,306","19,65,016","1,659",162,,3,"4,916","24,63,78,102","64,00,96,674","20,07,76,174","65,22,30,326","8,40,74,756","35,29,78,348","4,35,41,090","13,01,91,444",,"65,880",,,21,Wilderburg
5062234,BLITZ 81,106,,,"88,47,431","99,15,270",,"6,91,509","30,787","68,53,581","28,836","73,773","95,340","4,26,792","40,024","40,64,346","14,32,400","15,44,620","17,99,465","6,413",759,21,8,"13,923","13,62,66,175",,"17,68,17,395",,"14,36,38,572",,"6,93,32,001",,,,,,22,Wilderburg
5038759,ᵂᵃᴿKingJulians,106,,,"84,54,380","84,54,380",,"43,21,726","72,076","33,79,244","7,64,819","12,37,295","10,78,315","12,00,949","35,299","28,69,571","18,17,150","18,11,171","19,56,488","4,211",932,10,103,"11,796","3,86,09,568",,"73,17,407",,"1,28,40,367",,"3,35,70,035",,130,"1,500",,,22,League of Order
18321405,Blitzeisfrosti,106,274042,FlSG,"84,01,775","84,01,775",,,,"12,47,943",0,0,0,0,0,"27,51,498","17,33,500","20,47,713","18,69,064","1,684",250,,,"1,160","13,97,50,578","41,78,50,104","14,13,96,149","46,64,37,252","9,19,47,428","28,54,92,920","5,71,17,900","10,83,08,390",160,"19,870",,,21,Springwardens
5126033,Lorddog6969,106,197524,MLS,"83,93,489","83,93,489",,"8,91,787","1,41,472","50,94,933","2,36,360","3,51,425","19,941","1,27,262","51,697","25,49,362","15,80,470","28,88,138","13,75,519","1,677",555,200,46,"6,679","8,13,82,186","31,46,34,947","7,79,98,501","37,52,90,892","9,54,47,628","25,84,73,593","5,20,47,052","11,07,50,319","9,380","26,810",,,22,League of Order
6562223,Tbailey360farma,106,355714,phx1,"82,56,210","82,56,210",,"24,320","26,216","9,18,416",0,873,647,"22,429",371,"26,27,821","11,28,570","18,31,690","26,68,129",139,71,,,"4,820","20,59,42,867","35,77,55,965","19,42,79,997","36,71,40,519","15,44,90,743","26,88,92,342","9,05,98,986","14,87,14,540",315,"15,540","4,59,18,010",22,21,League of Order
5119033,Guhdox,106,197524,MLS,"82,05,973","82,05,973",,"6,11,905","4,223","22,03,666","2,36,054","1,50,380","70,261","1,30,953","8,126","26,85,453","16,89,230","23,06,172","15,25,118","2,331",209,25,43,"14,243","16,77,34,323","8,10,06,860","16,13,93,808","7,83,11,100","12,34,11,290","6,56,09,197","7,26,93,681","3,50,80,910",20,183,,,22,Springwardens
12622649,ˢˡᵉᵉᵖʸSean,106,197524,MLS,"79,77,217","79,77,217",,"37,53,836",81,"14,51,914","17,51,411","4,98,361","11,33,962","3,54,825","15,277","24,15,196","19,83,950","17,61,873","17,03,698","4,320",211,,98,"11,003","21,98,10,878","8,66,07,844","23,25,09,329","8,41,99,153","13,65,35,847","5,13,90,364","5,54,89,331","2,64,41,800",532,,"6,71,14,659",35,21,League of Order
1359093,RyuKenFarm,106,197524,MLS,"67,16,114","67,16,114",708,"39,569","15,874","8,48,837","1,350","5,547","6,715","24,084","1,873","18,66,443","13,80,350","17,81,013","16,88,308",772,97,,1,"8,401","48,79,55,997","42,41,86,468","49,08,34,312","44,83,34,132","37,30,73,501","23,53,25,175","61,31,645","8,26,36,330",279,"14,961","34,28,71,552",137,21,League of Order
15464097,Ironman mk6,106,197524,MLS,"63,09,642","63,09,642",260,437,"6,541","62,464",0,0,0,267,170,"34,88,547","3,13,620","2,17,357","22,90,118",,120,,,"4,899","13,12,98,642","66,41,55,394","11,24,87,138","72,92,62,748","10,42,44,774","44,46,02,078","13,82,31,040","11,64,98,750",,"39,037","4,44,00,000",18,22,Wilderburg
16179555,CharlesIngalls,106,197524,MLS,"59,35,399","59,35,399","27,695","17,248","41,003","7,68,804",0,0,0,"11,824","5,424","24,54,266","9,89,690","14,16,965","10,74,478",149,135,,1,"1,002","33,40,34,502","63,68,61,680","32,79,56,623","65,39,87,253","22,99,85,098","41,15,08,315","2,84,69,851","7,09,37,755",,"27,870","19,87,91,290",105,22,Springwardens
5047028,ᵉᵛᵃkemosabe,106,,,"57,89,174","64,58,910",,"69,25,646","1,02,015","61,80,499","8,63,321","29,27,259","18,00,478","12,37,423","89,800","27,13,550","9,86,100","7,89,676","12,99,848","3,851",900,10,183,"24,929","11,90,43,817",,"20,31,53,051",,"14,13,48,603",,"7,12,02,588",,,,"14,19,003",2,22,League of Order
15463655,Ironman mk4,106,196210,EmTm,"55,11,353","55,11,353",,176,,"1,24,084",0,0,0,0,0,"21,39,512","4,25,570","2,61,330","26,84,941",,98,,,"4,758","16,81,56,619","35,10,67,200","10,98,83,244","32,81,55,200","32,00,44,525","22,07,25,800","10,00,10,525","10,03,06,500",,"34,249",,,20,League of Order
5093189,PsychWing,106,,,"53,14,336","53,68,384",,"5,03,551","41,463","14,20,535","1,41,469","91,883","1,22,068","1,39,932",606,"21,62,043","9,97,350","8,10,986","13,39,459","1,133",210,6,30,"12,218","3,65,41,811","40,31,849","3,87,43,442","43,41,698","3,65,78,329","21,91,657","2,22,59,945","10,32,684",,,,,21,Wilderburg
5063073,Treelight89,106,274042,FlSG,"51,68,754","51,68,754",,"3,12,621","75,993","14,65,032","57,818","51,166","1,14,359","87,640",56,"22,44,457","12,29,650","9,78,841","7,15,806","2,396",392,2,5,"6,140","6,53,17,224","53,56,000","7,19,16,310","46,20,000","6,11,69,468","42,72,500","2,08,73,505","5,20,000","1,053",750,"13,00,000",5,21,Springwardens
13418643,SprouseFarm,106,197524,MLS,"50,32,132","50,32,132","5,674","34,495",515,"4,69,128","4,164",30,0,"30,089",0,"17,36,649","11,83,420","14,29,924","6,82,139",756,29,2,2,"2,379","16,41,38,376","19,57,87,472","16,64,02,653","19,76,32,275","14,50,93,238","15,34,90,266","4,93,08,001","4,66,40,400",,"1,179","3,74,31,356",29,20,Springwardens
15422798,Ironman mk7,106,197524,MLS,"48,58,246","48,58,246",,,,"17,902",0,0,0,0,0,"21,02,216","3,48,170","2,58,041","21,49,819",,95,,,"5,047","16,01,26,721","50,07,73,592","12,18,69,363","55,77,65,510","9,43,08,603","23,91,30,792","14,18,55,742","9,68,05,100",,"46,700","38,16,00,000",159,20,Wilderburg
19864509,Udhin2,106,197524,MLS,"46,96,834","47,18,195",,,,"7,43,414",0,0,0,0,0,"16,56,510","12,27,030","12,42,821","5,56,158","1,754",77,,,"2,347","18,77,83,577","28,59,91,270","14,32,74,717","27,64,58,578","10,92,10,851","18,32,08,965","3,76,11,630","4,12,01,320",,"41,570","6,82,10,000",59,21,Springwardens
15213540,Cersei LANNISTER,106,196210,EmTm,"37,29,894","37,29,894","4,786","30,874","74,591","21,74,815",0,0,0,"29,564","1,310","20,12,199","5,37,220","4,31,196","7,49,279",76,228,,8,"2,726","8,40,76,808","57,50,51,857","3,55,19,384","50,34,10,605","3,42,21,367","35,28,39,077","25,37,469","5,79,12,617",,"1,46,629","53,14,20,109",312,21,Wilderburg
5095144,Ktab,106,274042,FlSG,"36,37,442","36,37,442",,"5,57,031","1,73,936","13,87,728","2,84,699","95,630","84,652","20,369",0,"13,09,102","10,20,750","8,89,232","4,18,358",937,181,155,83,"3,293","11,31,07,332","4,38,25,300","14,60,63,695","4,25,14,800","3,40,99,472","1,87,62,400","2,58,11,104","38,11,000",570,"4,022",257,1,20,League of Order
5129298,Subway㋡,106,,,"30,96,500","30,96,500",,"3,94,198","53,905","13,85,306","66,596","2,28,404","74,139","3,088","6,131","9,51,870","12,20,120","4,15,091","4,90,019","1,164",359,21,47,"13,012","2,50,18,586","64,53,100","2,88,96,875","59,32,300","2,64,11,136","45,14,600","75,19,357","12,78,000",386,,"20,08,275",2,17,League of Order
5045110,jovany,106,,,"29,73,954","29,73,954",,"8,854","13,013","1,27,699","2,113","1,080",656,"3,849",0,"11,47,887","5,87,175","5,99,044","6,39,848",165,65,4,,"1,953","78,088","9,15,43,310","5,46,748","9,53,53,060","34,57,532","6,55,50,857","15,45,600","2,74,17,130",2,"17,192",,,19,Springwardens
14807620,loveboat,106,197524,MLS,"24,81,577","24,81,577","20,000","17,488",,"1,54,358",0,"3,113","13,204","1,171",0,"10,34,009","5,57,210","4,75,162","4,15,196",459,154,,,"1,013","7,47,67,120","19,50,55,948","6,60,80,041","18,16,23,175","3,95,23,797","11,05,37,203","45,68,378","1,86,40,250",,"14,101","15,26,34,018",67,20,Wilderburg
17510648,Heiimdall farm,106,197524,MLS,"24,53,145","24,53,145","56,087",275,,"1,26,531",0,0,0,209,66,"10,35,547","10,01,760","2,70,674","1,45,164",636,89,,1,"1,094","11,59,58,331","13,91,53,810","9,61,55,263","13,87,36,095","7,50,40,930","8,53,97,565","1,08,00,573","1,57,31,800",70,"19,119","1,98,52,585",53,20,Springwardens
14647608,Sean Farm 2,106,197524,MLS,"21,35,189","21,35,189",,"15,889",,"1,93,876",0,0,0,0,0,"5,26,445","7,77,790","6,18,666","2,12,288",724,31,,,"1,701","7,13,42,168","11,67,12,135","5,66,40,173","10,92,52,997","9,16,39,009","11,24,51,483","10,19,465","51,41,450",,"14,022","18,11,82,582",102,17,League of Order
5098740,skorkin,106,,,"20,89,062","20,89,062",,"2,05,399","1,366","4,32,281","67,659","1,21,063","8,934","2,581",0,"5,65,942","7,38,650","5,06,725","2,76,145",631,166,5,15,"3,355","1,20,90,593",,"89,26,062",,"1,33,36,627",,"10,80,835",,20,,,,17,Wilderburg
15454219,Ironman mk10,106,197524,MLS,"20,28,973","20,28,973",,,,474,0,0,0,0,0,"8,65,176","1,75,270","1,54,810","8,33,717",,5,,,"3,521","11,83,23,635","14,33,04,500","6,81,01,660","11,99,32,600","7,14,50,697","7,90,60,450","7,35,55,689","3,97,88,250",,"36,570",,,18,League of Order
15788329,Ironman mk8,106,197524,MLS,"19,88,164","19,88,164",,,,"1,690",0,0,0,0,0,"9,36,798","3,60,620","1,51,476","5,39,270",9,7,,,"1,737","10,36,47,803","24,66,06,488","7,33,79,069","28,07,79,172","5,60,70,223","11,41,24,106","6,41,56,111","2,39,62,250",10,"24,920","31,20,00,000",156,18,League of Order
14264516,Boruto Hima,106,,,"19,67,213","19,67,213","2,753","7,829","14,906","4,76,530",0,0,0,0,0,"7,90,033","6,59,148","3,50,931","1,67,101",936,214,,1,"1,828","3,21,03,719","4,48,06,400","2,58,82,501","4,54,40,849","1,91,19,120","3,03,38,157","55,30,637","59,65,440",,,,,19,League of Order
5128375,Alhimik,106,,,"19,36,716","19,36,716",,"6,03,294","65,367","9,75,840","1,96,138","2,70,747","40,882","38,711",0,"5,90,687","5,18,950","4,97,042","3,30,037","1,376",123,86,175,"2,404","4,11,53,688","20,64,248","3,81,77,202","23,04,548","1,77,79,569","9,75,328","14,24,589","76,500",10,"1,500","4,12,787",3,18,Springwardens
5485381,Suchkamoiy,106,355714,phx1,"18,37,973","18,37,973",,"4,239","7,115","39,351",436,0,335,"3,468",0,"6,26,266","5,75,850","3,34,607","3,01,250",700,7,,1,"3,314","1,32,03,012","50,49,600","1,21,20,319","51,27,300","1,06,39,302","29,21,300","56,27,244","7,03,500",140,"12,100",,,18,League of Order
5064201,Julius17432,106,274042,FlSG,"18,16,583","18,16,583",,714,50,"1,64,055",0,0,0,0,0,"4,00,623","6,63,240","4,46,962","3,05,758",307,157,,2,"1,094","3,23,412","5,39,71,400","3,34,485","5,58,96,000","3,91,973","2,32,86,850","3,79,988","55,10,500",,"20,660",,,16,Springwardens
5107841,Master Gandalf,106,197524,MLS,"18,03,036","18,03,036",,163,"1,366","41,181",72,0,0,91,0,"5,26,925","8,52,520","3,28,655","94,936",554,51,,,"1,232","1,62,25,978","6,59,63,080","1,16,78,373","6,21,40,400","70,78,212","3,47,72,935",,"42,96,000",,"40,840",,,18,Springwardens
5072116,Kikin201222,106,338107,Boby,"17,00,872","17,00,872",,"90,517","26,122","1,19,191","21,389","48,730","1,102","1,438",0,"4,92,704","7,03,740","2,77,170","2,27,258",499,104,27,5,436,"6,66,714","1,23,00,100","1,59,283","1,32,20,100","13,198","73,11,000",,"37,25,500",,"1,240","10,000",1,17,Springwardens
5112753,Binder,106,,,"15,67,291","15,67,291",,"10,965",388,"1,37,513",809,"6,660","3,167",50,0,"4,49,152","5,22,100","3,22,419","2,73,620",597,167,,,"1,898","1,14,788","1,600","18,58,830","1,600","26,10,645",,"11,18,699",,90,,,,16,Wilderburg
5038709,SparkyGamerX,106,,,"13,48,926","13,48,926",,"32,137",,"1,87,596",0,0,0,0,0,"4,74,507","3,20,020","2,67,970","2,86,429","1,003",248,,,"1,291","4,28,016",,"3,65,542",,"12,60,759",,"2,64,172",,,,,,17,Springwardens
20016195,whoareYOu,106,196210,EmTm,"12,90,334","12,90,334",,829,"3,634","34,407",0,0,119,710,0,"4,32,591","4,04,340","2,72,512","1,80,891",32,11,,,121,"9,22,09,273","7,73,61,932","11,11,30,067","6,96,99,956","5,36,96,896","3,89,85,561","91,14,142","1,03,56,500",,"8,009",,,17,Wilderburg
5112514,Progamer08,106,,,"12,30,479","12,30,479",,"40,079","14,102","2,77,639","13,283","14,469",832,200,0,"2,02,062","4,54,680","3,74,200","1,99,537",343,251,32,4,18,"9,18,604","1,59,05,350","11,47,705","1,57,14,010","6,71,821","1,15,56,800",,"16,14,000",,"2,063",,,14,Wilderburg
5069437,WHISKEYFIRE,106,,,"10,55,874","10,55,874",,"12,623","6,882","43,994","1,557","5,821","2,824","2,421",0,"3,12,340","3,97,670","1,92,017","1,53,847",109,45,,1,328,,"21,40,800","35,000","29,00,300",,"7,87,750",,"1,94,500",,800,,,15,Springwardens
5143252,zeuz01,106,,,"9,99,953","12,23,265",,"52,828","35,630","6,98,528","15,134","12,104","10,603","14,987",0,"2,17,216","4,78,050","2,25,158","79,529",348,171,,,"1,890","1,56,67,743","2,00,000","1,49,37,798","2,00,000","51,16,771","1,50,000","84,000","1,00,000",10,,,,13,Springwardens
15224722,BabyPAX,106,338107,Boby,"9,31,379","9,31,379",,,,1,0,0,0,0,0,"6,00,233","1,06,400","1,65,431","59,315",,,,,84,"3,55,55,162","15,62,05,436",,"8,49,20,257",,"6,73,38,929",,"52,14,000",,"81,476","14,26,92,159",73,18,League of Order
5132376,Trexon,106,274042,FlSG,"8,71,157","8,71,157",,,,"12,289",0,0,0,0,0,"1,59,617","4,13,740","2,30,164","61,636",60,9,,,165,"24,37,089","1,74,33,260",,"1,60,80,460","5,06,281","93,38,350",,"11,98,750",,"5,110",,,12,Wilderburg
20298835,OneNuDhin,106,274042,FlSG,"8,68,345","8,68,345",224,654,,"1,37,107",0,0,618,36,0,"1,99,690","3,33,360","2,44,557","90,738",394,45,,,90,"1,19,74,847","1,79,79,900","1,07,00,365","2,04,49,200","87,90,889","1,17,06,250","40,95,460","20,05,450",,"5,000",,,14,Wilderburg
5066740,Carrioncorpse,106,,,"8,66,148","8,66,148",,"28,888",,"60,886","17,837","10,646",326,79,0,"1,82,877","3,01,100","2,25,992","1,56,179",332,67,,2,"1,472","2,05,435",,"1,52,490",,"2,17,787",,,,,,,,13,Wilderburg
5065760,Tief berg,106,,,"8,65,289","12,43,263",,"1,71,143","28,951","2,69,078","63,666","55,388","18,748","11,980",0,"2,38,266","4,20,100","1,33,048","73,875",559,95,32,28,"3,013","16,27,620",,"1,79,194",,"2,20,529",,"1,98,410",,36,,,,13,Springwardens
5114980,Penguasa5114980,106,,,"8,51,663","8,51,663",,"14,182","11,891","95,746","5,852","7,528",52,750,0,"2,63,417","2,30,300","2,02,647","1,55,299",46,36,,,212,"34,832",,,,"54,265",,,,,,,,15,Springwardens
5079691,Dark x,106,,,"8,10,347","8,78,547",,"14,122","6,852","27,266","5,936","2,849","1,680","1,400",0,"3,19,883","3,46,350","69,633","74,481",143,36,9,5,"1,285","2,63,770",,"3,30,275",,"1,37,085",,"42,000",,13,,,,16,Wilderburg
5048516,UknownGuy,106,,,"6,86,497","6,86,497",,"47,335","10,128","18,273","19,646","17,807","1,285",250,0,"1,64,343","2,37,450","2,19,111","65,593",164,23,6,1,415,"12,878",,"47,712",,"47,737",,,,,,,,14,Wilderburg
5155739,TheBamboozler,106,,,"6,45,063","6,45,063",,"14,394","1,938","31,771",0,0,0,0,0,"1,13,438","3,00,750","1,75,096","55,779",319,53,15,,650,"19,43,105","4,92,000","11,24,348","5,22,000","15,95,470","4,83,500",,"37,500",,,,,13,Wilderburg
19658433,albumvii,106,,,"6,18,961","6,18,961",,,,"16,107",0,0,0,0,0,"2,37,063","2,33,650","99,920","48,328",172,2,,,6,"3,62,88,000","3,41,09,200","3,44,81,280","3,34,07,600","3,87,17,176","2,11,04,900",,"8,73,500",,"3,867",,,15,League of Order
19658024,maceyp,106,274042,FlSG,"5,88,549","5,88,549",,,,"19,847",0,0,0,0,0,"2,36,701","2,06,350","97,170","48,328",165,1,,,,"3,44,13,560","2,89,94,200","3,26,34,000","2,85,17,600","3,69,71,109","1,60,17,400",,"8,21,500",,"2,188",,,15,League of Order
5138218,The Sūn,106,274042,FlSG,"5,86,011","5,86,011",,,,"3,818",0,0,0,0,0,"79,220","3,03,180","1,61,990","41,621",70,7,,,50,"7,71,721","41,13,530","11,59,595","37,35,830","11,17,706","25,86,450","15,59,460","3,53,250",,"1,720",,,12,Wilderburg
12546293,ไข่โตมโหฬาร F4,106,352061,WHR,"5,80,581","5,80,581",,227,722,"1,106",0,0,0,0,0,"1,77,156","1,39,100","1,45,476","1,18,849",39,8,,,198,"7,84,600","43,48,400","12,82,405","40,65,600","5,67,000","26,88,750","7,56,000","3,17,500",,"1,200",,,15,League of Order
19658702,unli,106,,,"5,62,281","5,62,281",,,,"20,858",0,0,0,0,0,"1,99,207","2,17,550","97,780","47,744",164,,,,,"3,11,22,000","2,98,42,500","3,15,14,592","2,89,75,700","3,75,71,003","1,88,60,600",,"5,93,500",,"3,278",,,15,League of Order
19658448,pantlyr,106,,,"5,59,981","5,59,981",,,,"20,373",0,0,0,0,0,"1,99,207","2,12,550","1,00,480","47,744",162,2,,,,"3,37,17,297","3,11,19,800","3,46,80,651","2,79,55,000","3,37,50,039","1,88,60,400",,"5,93,500",,"3,360",,,15,League of Order
19657856,troopsS,106,274042,FlSG,"5,42,825","5,42,825",,,,"22,518",0,0,0,0,0,"1,99,615","2,00,850","92,344","50,016",163,,,,,"2,70,83,000","3,46,65,000","2,96,96,427","3,39,31,200","3,15,72,609","2,36,37,100",,"5,93,500",,"3,014",,,15,League of Order
20480119,LuosunGGFF,106,305960,WoTC,"5,34,888","5,34,888",,,,"32,564",0,0,0,0,0,"1,56,665","1,71,000","1,90,341","16,882",808,12,,,192,"5,59,13,187","2,73,05,600","4,71,19,761","2,69,90,300","4,24,08,103","70,77,700",,"5,08,000",,,,,15,Wilderburg
5055080,KRAYZ,106,,,"5,33,865","5,33,865",,"1,355","1,642","15,152",0,0,0,0,0,"1,05,534","1,69,410","1,73,451","85,470",7,7,,1,38,"5,23,042",,"2,89,777",,"71,048",,,,,,,,12,Wilderburg
19657886,shipsqu,106,,,"5,33,537","5,33,537",,,,"19,129",0,0,0,0,0,"1,99,079","1,97,650","91,094","45,714",160,,,,,"2,74,14,691","3,09,60,700","2,59,17,700","2,76,25,400","2,64,69,736","1,85,67,500",,"5,93,500",,"3,052",,,15,League of Order
20480553,YunxieSRXFF,106,305960,WoTC,"5,29,178","5,29,178",,,,"34,989",0,0,0,0,0,"1,56,665","1,79,700","1,75,931","16,882",819,,,,201,"4,55,11,179","2,72,81,400","5,84,98,688","2,61,39,500","5,20,26,771","70,91,700",,"5,08,000",,,,,15,Wilderburg
5087495,SweynForkbeard,106,,,"5,15,016","5,17,709",,"11,589",65,"43,362","2,818","5,438","3,333",0,0,"76,008","2,87,800","1,17,662","33,546",128,30,,3,451,"97,940","34,100","1,29,194","34,100",,"22,700",,,,,,,11,League of Order
20480624,Xueliu977FF,106,305960,WoTC,"5,12,042","5,12,042",,,,"36,103",0,0,0,0,0,"1,29,899","1,88,600","1,76,661","16,882",811,,,,152,"5,12,16,748","2,40,89,400","5,16,76,170","2,44,53,500","4,27,44,146","58,22,200",,"3,64,000",,,,,14,Wilderburg
5111994,The good lord,106,,,"5,06,689","5,06,689",,"21,477","12,564","83,203","7,559","9,035","3,476",935,0,"1,02,808","2,40,874","1,09,531","53,476",162,118,2,2,535,"31,76,632","34,21,200","26,07,506","32,43,000","18,84,732","23,64,900","11,59,214","4,28,750",20,,,,13,Wilderburg
20480184,AHNNN50FF,106,305960,WoTC,"5,01,696","5,01,696",,,,"33,687",0,0,0,0,0,"1,39,103","1,62,600","1,83,111","16,882",821,17,,,197,"6,03,68,264","2,60,63,400","6,68,54,328","2,56,65,500","4,11,18,990","70,85,700",,"5,08,000",,,,,14,Wilderburg
5039274,oudbierblik,106,,,"4,91,888","4,91,888",,646,110,295,584,62,0,0,0,"1,24,739","1,50,100","1,21,520","85,470",9,,,,,,"21,21,920",,"20,47,300",,"17,58,775",,"1,20,000",,148,,,13,Springwardens
20497486,Wuzhang47FF,106,,,"4,78,639","4,78,639",,,,"27,233",0,0,0,0,0,"1,12,376","1,71,700","1,77,681","16,882",797,16,,,,"6,29,17,960","2,79,29,400","5,52,22,000","2,09,84,500","4,61,18,688","51,17,700",,"2,86,500",,,,,14,League of Order
20480208,7DJ5T1MFF,106,305960,WoTC,"4,70,689","4,70,689",,,,"25,564",0,0,0,0,0,"1,25,316","1,46,500","1,81,991","16,882",812,1,,,180,"5,51,36,000","2,51,83,600","6,07,77,781","2,23,85,300","4,41,55,000","55,38,200",,"3,21,000",,,,,14,League of Order
20512192,Wangzhao596FF,106,274042,FlSG,"4,63,979","4,63,979",,,,"21,846",0,0,0,0,0,"1,25,316","1,65,900","1,55,881","16,882",694,10,,,291,"4,92,82,192","2,41,86,400","5,68,59,047","2,00,91,500","3,53,19,360","57,18,200",,"4,21,000",,,,,14,League of Order
20512018,SunhuiULFF,106,274042,FlSG,"4,47,389","4,47,389",,,,"28,862",0,0,0,0,0,"1,12,376","1,66,200","1,51,931","16,882",700,133,,,257,"5,96,49,934","2,28,26,400","5,25,95,256","1,90,23,500","4,59,22,000","55,13,700",,"3,42,500",,,,,14,League of Order
20546672,PingqingXFF,106,274042,FlSG,"4,29,090","4,29,090",,,,"28,246",0,0,0,0,0,"1,12,376","1,61,200","1,38,632","16,882",599,34,,,220,"3,78,49,881","2,01,37,400","5,11,45,475","1,92,42,500","3,12,30,528","53,79,700",,"3,42,500",,,,,14,Wilderburg
5091209,Maximus cz,106,,,"4,24,164","4,24,164",,96,,102,0,0,66,30,0,"1,70,477","1,23,074","36,421","94,192",22,1,,,616,"8,840","1,28,57,200","41,940","1,28,03,800","2,210","96,93,050",,"26,60,500",,,,,14,League of Order
5113731,DROM1313,106,,,"4,03,164","4,03,164",,"6,692","2,926","30,745","4,626",973,616,63,0,"45,441","2,96,027","48,862","12,834",202,52,6,2,,,"5,86,700",,"5,36,700",,"4,69,500",,"12,000",,"4,840",,,11,Wilderburg
20546728,LingaoAKFF,106,,,"3,91,858","3,91,858",,,,"33,329",0,0,0,0,0,"79,845","1,60,200","1,34,931","16,882",591,73,,,,"4,84,80,268","1,79,47,400","4,62,63,422","1,54,01,200","1,36,06,936","35,10,000",,"1,60,000",,,,,13,Wilderburg
5061682,Monkehking,106,,,"3,82,848","3,82,848",,593,82,"4,590",541,52,0,0,0,"1,22,910","1,89,750","53,507","15,881",60,29,,2,299,,,"20,580",,,,,,,,,,14,Springwardens
5057566,UnderWater,106,,,"3,47,357","3,47,357",,,,41,0,0,0,0,0,"90,499","51,900","1,22,178","82,780",2,,,,135,"23,102",,"1,14,146",,"7,380",,,,,,,,11,League of Order
20577477,Fangtang553FF,106,274042,FlSG,"3,38,808","3,38,808",,,,"17,788",0,0,0,0,0,"79,845","1,27,400","1,14,681","16,882",499,14,,,210,"3,32,05,000","1,65,97,600","3,88,30,381","1,56,06,000","2,87,88,500","36,74,000",,"2,00,000",,,,,13,League of Order
20576502,R2HE77CWPFF,106,,,"3,24,766","3,24,801",,,,"23,964",0,0,0,0,0,"53,428","1,37,100","1,17,356","16,882",498,11,,,,"2,41,05,487","1,58,21,800","2,70,89,150","1,38,09,200","2,87,61,993","25,89,300",,"71,000",,,,,12,Wilderburg
20616015,5MI6F7DCTXJFF,106,,,"3,18,236","3,18,236",,,,"21,645",0,0,0,0,0,"53,423","1,49,000","98,931","16,882",428,16,,,,"2,12,27,503","1,30,41,400","3,69,77,547","1,14,01,200","2,14,48,734","25,89,300",,"61,000",,,,,12,Wilderburg
5114954,Krusis,106,,,"3,15,057","3,15,057",,,,"2,935",0,0,0,0,0,"42,354","2,14,124","43,199","15,380",56,15,,5,574,"6,614","4,10,900",,"3,31,800",,"2,86,250",,"48,000",,150,,,11,Wilderburg
20578818,Xueyun489FF,106,,,"3,14,894","3,14,894",,,,"17,291",0,0,0,0,0,"64,081","1,17,700","1,16,231","16,882",501,1,,,1,"2,80,81,670","1,53,07,900","3,80,43,886","1,45,82,700","2,15,23,887","29,51,000",,"97,000",,,,,12,League of Order
20578678,Huizhi972FF,106,,,"3,07,744","3,07,744",,,,"24,628",0,0,0,0,0,"64,081","1,11,400","1,15,381","16,882",495,73,,,,"3,12,96,350","1,46,64,900","3,29,51,541","1,27,19,700","2,20,17,590","29,51,000",,"96,000",,,,,12,League of Order
21550337,Udhin4,106,274042,FlSG,"3,02,751","3,02,751",31,92,,"20,826",0,0,86,6,0,"44,245","1,80,190","58,309","20,007",199,13,,,69,"95,76,000","69,63,100","84,50,348","73,28,600","81,27,000","26,05,400","15,54,000","53,000",,"5,080",,,11,League of Order
20615805,YanjieHNFF,106,,,"2,95,036","2,95,036",,,,"25,738",0,0,0,0,0,"53,423","1,26,200","98,531","16,882",425,67,,,,"3,37,75,127","1,39,18,400","2,86,63,169","1,19,80,200","88,48,259","25,89,300",,"61,000",,,,,12,Wilderburg
5077058,CKOC,106,305960,WoTC,"2,92,799","2,92,799",,"5,586","4,423","23,385","5,329",0,0,257,0,"60,884","1,61,944","52,727","17,244",46,10,,,32,,"23,59,600",,"26,20,600",,"14,25,250",,"21,500",,"4,263",,,11,League of Order
20630324,IU46MO16FF,106,,,"2,78,176","2,78,176",,,,"21,261",0,0,0,0,0,"53,423","1,21,600","86,271","16,882",380,35,,,1,"1,60,37,292","1,10,99,400","2,36,08,940","1,24,65,200","1,94,60,218","25,89,300",,"61,000",,,,,12,Wilderburg
20630363,Luolei821FF,106,,,"2,75,366","2,75,366",,,,"19,124",0,0,0,0,0,"45,453","1,22,300","90,731","16,882",377,3,,,,"1,77,81,136","1,37,33,400","2,49,37,392","1,09,07,200","1,72,18,663","23,95,800",,"35,000",,,,,11,Wilderburg
5091704,Max 2010,106,,,"2,61,079","3,55,989",,"4,617","4,835","28,403","1,977",355,"1,514",771,0,"55,082","1,71,950","23,949","10,098",52,60,,2,22,"79,587",,"21,888",,"68,820",,,,,,,,11,Wilderburg
5055173,MANDALORIANᴳᴳ,106,,,"2,57,453","2,57,953",,"41,869",,"36,018","32,642","7,081","2,146",0,0,"44,981","1,71,050","31,521","9,901",130,36,,1,987,"1,870",,"48,189",,,,,,,,,,11,League of Order
20646866,WeihuangGNEFF,106,,,"2,40,731","2,40,731",,,,"15,824",0,0,0,0,0,"39,274","1,05,500","79,075","16,882",317,27,,,,"1,49,31,294","1,16,33,000","2,03,81,915","94,09,800","1,35,56,600","21,71,100",,"22,000",,,,,11,League of Order
20646837,YanglinSCGBFF,106,,,"2,38,439","2,38,439",,,,"16,630",0,0,0,0,0,"40,476","99,900","81,181","16,882",319,45,,,,"2,03,37,279","1,43,70,900","2,09,97,692","99,18,700","1,95,31,740","21,93,800",,"22,500",,,,,11,League of Order
20647304,GSWSM9FF,106,,,"2,38,223","2,38,223",,,,"26,158",0,0,0,0,0,"35,410","1,08,300","77,631","16,882",317,91,,,1,"1,35,72,577","1,15,31,900","1,89,53,518","91,73,700","1,20,69,116","19,87,300",,"12,500",,,,,11,Wilderburg
20660956,LiliuQVFF,106,,,"2,34,306","2,34,306",,,,"11,979",0,0,0,0,0,"36,773","1,11,300","69,351","16,882",267,22,,,,"1,29,91,100","1,00,90,600","2,09,03,623","89,53,000","1,06,40,334","20,56,300",,"14,500",,,,,11,League of Order
20659532,Zhizhao766FF,106,,,"2,19,321","2,19,321",,,,"11,596",0,0,0,0,0,"34,508","95,200","72,731","16,882",276,3,,,,"1,54,50,000","98,51,800","1,35,60,609","81,49,600","1,28,21,950","19,40,700",,"12,500",,,,,11,League of Order
5110019,EgirlRabuda,106,305960,WoTC,"2,18,621","2,29,218",,"1,764","2,469","10,799",34,"1,080",650,0,0,"45,631","1,46,800","24,826","1,364",43,7,,,49,"55,447","3,81,900",,"3,09,800",,"2,97,000",,"19,500",,,,,11,Springwardens
5118814,Musashi Sama,106,,,"2,07,571","2,57,561",,"3,853","3,432","25,325",135,"1,417","2,022",279,0,"41,394","1,04,650","43,293","18,234",106,34,,1,196,"1,94,423",,"6,79,565",,"27,500",,,,,,,,11,League of Order
20672208,HuangweiSDFF,106,,,"2,01,936","2,01,936",,,,"18,566",0,0,0,0,0,"33,173","89,100","62,781","16,882",224,53,,,,"1,32,54,539","87,30,200","87,93,680","82,58,100","93,04,895","18,84,900",,"12,500",,,,,11,Wilderburg
5149299,Fürst5149299,106,,,"1,78,901","1,78,901",,"4,929","2,504","2,645","2,400",0,170,0,0,"42,318","1,30,100","4,891","1,592",30,50,14,1,105,320,"5,05,200","4,538","5,20,700",,"2,99,200",,"17,500",,"1,461",,,11,Wilderburg
20662946,E36FHHFF,106,274042,FlSG,"1,78,249","1,78,249",,,,"13,138",0,0,0,0,0,"38,586","55,500","67,281","16,882",262,1,,,154,"1,75,42,612","1,03,46,900","1,15,66,016","85,59,700","1,28,34,821","21,94,800",,"32,000",,,,,11,Wilderburg
20769342,LWS8FD9H,106,,,"1,61,140","1,61,140",,,,"7,606",0,0,0,0,0,"22,280","82,200","42,341","14,319",176,3,,,,"65,00,350","74,23,400","76,45,000","58,48,400","55,30,535","14,79,400",,,,,,,10,League of Order
5082498,Kral buz,106,,,"1,59,369","1,59,369",,148,169,"1,800",56,92,0,0,0,"30,026","1,23,044","6,243",56,26,5,,,10,"7,700","3,70,000",,"3,90,000",,"2,49,000",,,,846,,,10,League of Order
5084141,Paititi,106,,,"1,55,626","1,55,626",,,,84,0,0,0,0,0,"3,770","28,800","1,21,688","1,368",3,,,,,,,,,,,,,,,,,6,Wilderburg
5089942,Luna11212,106,,,"1,52,029","1,52,029",,,,87,0,0,0,0,0,"13,271","84,450","54,135",173,8,,,,223,"1,00,404","27,88,800","1,40,015","28,04,700",,"3,05,000",,,,"3,906",,,8,Springwardens
5062364,Mathis4,106,305960,WoTC,"1,47,080","1,47,080",,,,"1,921",0,0,0,0,0,"15,812","1,02,500","18,662","10,106",20,8,,,45,,"14,94,000",,"17,04,500","3,963","7,93,000",,,,957,,,9,Wilderburg
20751138,FengtaoM,106,,,"1,47,057","1,47,057",,,,"12,893",0,0,0,0,0,"20,444","70,000","42,911","13,702",196,30,,,,"65,59,848","56,74,900","31,11,231","55,23,500","96,16,618","13,59,000",,,,,,,10,Wilderburg
20771400,3LROX1KD,106,,,"1,43,466","1,43,466",,,,"11,155",0,0,0,0,0,"19,873","77,200","33,302","13,091",141,124,,,,"57,18,700","48,57,500","47,88,000","44,74,400","22,04,636","13,25,800",,,,,,,10,League of Order
20788625,ATKVVWZO,106,,,"1,42,714","1,42,714",,,,"6,101",0,0,0,0,0,"19,873","75,700","35,471","11,670",138,2,,,,"30,36,936","65,03,000","52,72,737","50,39,900","42,99,000","12,77,800",,,,,,,10,League of Order
5117889,chuulgan,106,,,"1,38,805","1,38,805",,524,,"1,032",0,0,0,0,0,"8,205","1,15,724","12,400","2,476",34,2,,2,105,"32,215","4,40,300",,"4,50,100","12,000","2,06,600",,,,150,,,8,Wilderburg
20769341,3SZMOSF7HJC,106,,,"1,38,624","1,38,624",,,,"16,308",0,0,0,0,0,"19,873","73,600","33,481","11,670",169,87,,,,"39,18,000","54,02,500","63,62,114","50,02,400","72,09,349","12,77,800",,,,,,,10,League of Order
20789502,Xianing42,106,,,"1,36,419","1,36,419",,,,"10,621",0,0,0,0,0,"19,873","75,500","28,431","12,615",136,34,,,,"33,10,271","52,31,000","29,18,059","40,15,900","51,17,910","13,00,300",,,,,,,10,Wilderburg
5056422,Лорд5056422,106,,,"1,35,278","1,51,994",,"23,664","10,227","29,107","13,189",565,0,229,0,"31,029","99,650","4,487",112,73,169,63,1,682,"1,03,569","29,700","62,339","31,800",,"22,400",,,,,,,10,Wilderburg
5106120,Penguasa5106120,106,,,"1,32,169","1,32,169",,419,216,680,347,0,0,72,0,"18,112","98,900","14,835",322,21,3,,,3,,"1,14,600",,"1,10,600",,"7,500",,,,600,,,9,League of Order
5091481,Lord Luna,106,,,"1,29,622","1,29,622",,404,,437,0,0,0,0,0,"17,622","87,844","14,609","9,547",32,14,,1,54,"18,920","20,31,100","10,766","19,85,400",,"8,10,900",,,,"2,112",,,9,League of Order
5072764,Dukers kingdome,106,,,"1,28,434","1,28,434",,"3,262","1,319","6,248","2,378",884,0,0,0,"2,975","1,16,100","9,042",317,42,29,,2,93,"9,900","74,865","7,52,309","73,865",,"25,000",,,,,,,6,Wilderburg
20787388,O6Q6461VO,106,,,"1,27,646","1,27,646",,,,"7,719",0,0,0,0,0,"15,444","72,500","28,861","10,841",142,3,,,,"62,16,711","39,35,900","57,90,854","43,05,000","20,28,688","11,70,800",,,,,,,9,Wilderburg
20786194,FYHH3L,106,,,"1,23,015","1,23,015",,,,"9,378",0,0,0,0,0,"19,873","63,200","29,101","10,841",142,58,,,,"51,56,496","56,44,500","41,82,719","50,20,400","37,63,000","12,59,800",,,,,,,10,League of Order
20703421,Liuli283FF,106,,,"1,17,919","1,17,919",,,,"13,338",0,0,0,0,0,"19,873","65,400","22,101","10,545",117,75,,,,"22,41,000","51,92,700","55,04,946","39,75,200","33,28,850","12,44,800",,,,,,,10,League of Order
20786330,WQGCB3,106,,,"1,17,789","1,17,789",,,,"17,597",0,0,0,0,0,"19,873","53,400","31,721","12,795",139,187,,,,"22,34,000","49,13,500","42,64,174","48,25,400","25,51,500","13,10,800",,,,,,,10,League of Order
5096968,MoNoLisZa,106,,,"1,12,490","1,12,490",,,,947,0,0,0,0,0,"5,014","1,00,094","6,659",723,22,3,,,17,"25,300",,"21,620",,,,,,,,,,7,Wilderburg
5055710,min11,106,,,"1,07,259","1,07,259",,"2,542",717,562,"2,301",241,0,0,0,"10,981","87,024","8,493",761,14,3,,,42,,"5,68,300",,"5,62,700",,"2,42,000",,,,,,,9,Wilderburg
20797137,Sunjie528,106,,,"1,06,191","1,06,191",,,,"6,665",0,0,0,0,0,"15,444","65,500","15,531","9,716",116,,,,,"20,16,000","41,47,500","10,74,041","34,02,400","44,45,871","11,37,800",,,,,,,9,Wilderburg
20797160,LiangchenRA,106,,,"1,05,570","1,05,570",,,,"5,034",0,0,0,0,0,"15,444","53,100","26,481","10,545",114,2,,,,"59,38,302","47,40,000","35,71,010","40,11,900","11,96,000","11,55,800",,,,,,,9,League of Order
20796968,Huizhao447,106,,,"99,737","99,737",,,,"12,850",0,0,0,0,0,"13,753","53,200","22,511","10,273",121,76,,,,"38,63,400","42,11,800","23,69,700","35,06,700","24,84,512","10,51,500",,,,,,,9,Wilderburg
5123947,Лорд5123947,106,,,"98,864","1,01,608",,,,235,0,0,0,0,0,"6,121","80,700","9,941","2,102",10,5,,,,,,,,"34,020",,,,,,,,7,Wilderburg
20978284,HLLG9J,106,,,"97,227","97,227",,,,"3,298",0,0,0,0,0,"11,850","59,700","17,421","8,256",52,5,,,,"14,03,840","26,03,100","18,47,670","31,51,600","4,20,000","9,73,500",,,,,,,9,Wilderburg
20732327,6TKJTQFF,106,,,"96,177","96,177",,,,"4,267",0,0,0,0,0,"11,850","57,300","17,311","9,716",83,8,,,,"12,70,931","34,59,700","34,78,000","47,19,600","22,51,000","10,06,500",,,,,,,9,League of Order
5046967,ПитБреД,106,,,"96,096","99,794",,,,"1,065",0,0,0,0,0,"3,219","73,600","16,122","3,155",61,12,,,346,"24,570",,"37,960","50,000","1,52,178",,,,,,,,6,Wilderburg
5107571,Askelad666,106,,,"95,092","95,092",,,,279,0,0,0,0,0,"1,695","88,200","5,141",56,24,,,,72,,,,,,,,,,,,,5,Springwardens
5048839,Lord5048839,106,,,"94,105","94,105",,"1,530",,"3,446","1,520",0,0,10,0,"3,211","80,350","9,229","1,315",21,29,,5,60,"59,699","2,16,100","60,845","2,25,400","5,280","30,100",,,,916,,,6,League of Order
20962478,BMTI96,106,274042,FlSG,"91,627","91,627",,,,"2,257",0,0,0,0,0,"11,850","55,800","15,721","8,256",56,1,,,21,"18,40,350","43,99,100","13,76,000","28,33,600","13,99,527","9,73,500",,"28,000",,,,,9,League of Order
20958047,Hezhang723,106,,,"89,390","89,390",,,,"4,013",0,0,0,0,0,"9,052","51,800","20,671","7,867",65,3,,,,,"27,76,600","29,45,528","29,19,100","13,06,000","8,34,300",,,,,,,8,Wilderburg
21001208,FengyanDRO,106,,,"88,777","88,777",,,,"7,812",0,0,0,0,0,"11,850","48,000","20,671","8,256",63,44,,,,"27,82,553","42,74,900","29,44,148","33,51,800","5,72,000","9,73,500",,,,,,,9,League of Order
5061515,Tanyussshhhaaa,106,,,"87,214","95,192",,,,811,0,0,0,0,0,"6,580","63,200","14,299","3,135",35,1,,,224,"62,200",,"1,24,400",,"67,000",,,,,,,,7,Wilderburg
20717045,8VMPG406MVW7FF,106,,,"86,538","86,538",,,,"6,374",0,0,0,0,0,"11,850","51,600","15,571","7,517",79,71,,,,"18,42,000","29,86,700","29,77,864","33,11,600","18,11,000","8,61,000",,,,,,,9,League of Order
5103427,Thinkpad,106,,,"86,432","88,797",,,,250,0,0,0,0,0,"4,215","72,500","8,587","1,130",19,3,,,47,"29,587","1,300",,"1,300",,,,,,,,,7,Wilderburg
5104269,Lord5104269,106,,,"85,750","85,750",,189,,475,0,0,0,0,0,"14,514","64,050","6,442",744,12,3,,,11,,"3,44,700",,"3,39,700",,"2,04,700",,,,532,,,9,Wilderburg
20962229,Gaoxie975,106,,,"85,607","85,607",,,,"8,639",0,0,0,0,0,"11,850","48,000","17,501","8,256",57,51,,,,"10,08,000","27,75,300","8,44,088","28,95,400","11,44,080","9,73,500",,,,,,,9,League of Order
5123654,Sir Bryce,106,,,"82,811","82,811",,,,183,0,0,0,0,0,"12,963","60,750","8,541",557,10,1,,,,,"2,36,000",,"2,30,300",,"1,09,100",,,,,,,9,Wilderburg
5043020,The ruler1234,106,,,"82,717","89,221",,"3,888",875,"3,717","3,170",503,83,132,0,"4,009","72,600","5,637",471,57,23,,1,90,,,,,,,,,,,,,7,Wilderburg
20978415,XiayanPHQ,106,,,"80,726","80,726",,,,"2,994",0,0,0,0,0,"9,052","49,400","17,041","5,233",59,5,,,,"13,40,000","33,17,300",,"26,75,800","16,32,900","6,31,800",,,,,,,8,Wilderburg
20963536,AYTGJZ3HA5ZP,106,,,"80,685","80,685",,,,"3,268",0,0,0,0,0,"7,873","47,400","17,156","8,256",57,5,,,,"6,70,000","29,68,400","26,49,727","26,20,400","7,87,350","8,64,400",,,,,,,8,Wilderburg
5100813,Seigneur5100813,106,,,"70,774","70,774",,251,,424,0,0,0,0,0,"9,038","52,300","4,862","4,574",18,1,,,37,,"5,24,300","4,446","5,35,900",,"2,78,100",,,,"2,496",,,8,Wilderburg
20737527,NingwangDO,106,,,"68,666","68,666",,,,"11,897",0,0,0,0,0,"9,052","41,600","12,781","5,233",48,114,,,,"10,78,858","30,20,400","19,36,680","18,76,300",,"6,31,800",,,,,,,8,Wilderburg
20841802,Wanghe655,106,,,"66,939","66,939",,,,"2,355",0,0,0,0,0,"9,052","45,400","7,981","4,506",68,,,,,"12,49,000","22,82,400","6,16,000","15,61,300","15,38,150","5,86,800",,,,,,,8,League of Order
5098501,ДИМА,106,,,"62,785","62,785",,478,256,238,0,0,0,0,0,"4,314","53,300","5,166",5,11,3,,,,"4,018","41,900",,"73,300",,,,,,,,,7,Wilderburg
20855043,Zhiyan143,106,,,"58,847","58,847",,,,"1,199",0,0,0,0,0,"11,850","33,800","8,581","4,616",51,,,,,,"16,01,200","6,30,350","17,30,100","10,77,161","6,51,000",,,,,,,9,League of Order
5102885,huttfacr,106,,,"58,296","62,296",,,,514,0,0,0,0,0,"1,982","48,700","7,497",117,26,2,,,,"32,598",,"49,140",,,,,,,,,,5,Wilderburg
20812525,YunliG,106,,,"57,180","57,180",,,,"3,033",0,0,0,0,0,"7,873","37,500","7,191","4,616",34,39,,,,,"13,62,500","3,30,000","13,87,900","7,91,350","5,41,900",,,,,,,8,League of Order
5085241,Лорд5085241,106,,,"53,363","53,363",,473,159,372,423,50,0,0,0,"1,146","48,000","4,217",,15,3,,,,"3,78,000","54,800",122,"57,600",,"6,500",,,,42,,,5,Wilderburg
5157596,Raddish,106,,,"51,190","51,190",,,,92,0,0,0,0,0,"7,689","29,850","11,850","1,801",7,,,,91,"1,02,222",,"74,752",,,,,,,,,,8,Springwardens
5068488,Seigneur5068488,106,305960,WoTC,"51,119","54,119",,,,238,0,0,0,0,0,"1,112","45,900","4,107",,15,2,,,2,,,"4,350",,,,,,,,,,5,Wilderburg
5067459,windowl,106,,,"50,585","50,585",,,,32,0,0,0,0,0,557,"45,200","4,772",56,7,,,,,,"11,800",,"11,800",,"3,500",,,,55,,,4,Springwardens
20856758,6HF5DK5OB96S,106,,,"49,609","49,609",,,,793,0,0,0,0,0,"7,873","34,200","5,301","2,235",56,,,,,"2,00,000","10,85,200","7,75,799","15,20,200","5,59,450","4,06,900",,,,,,,8,Wilderburg
5133899,Lord5133899,106,,,"48,561","59,406",,"1,873",644,153,"1,651",222,0,0,0,"4,148","44,100",,313,10,23,,,,,,,,,,,,,,,,7,Wilderburg
5144810,Lord5144810,106,,,"47,914","47,914",,301,52,61,0,0,0,0,0,"1,304","45,000","1,610",,6,16,,,,,,,,,,,,,,,,5,Wilderburg
21001144,Leihao800,106,,,"47,430","47,430",,,,"7,159",0,0,0,0,0,"6,014","27,000","12,181","2,235",71,24,,,,"2,20,000","17,58,300",,"16,99,900","10,87,000","3,16,100",,,,,,,7,Wilderburg
5084158,Лорд5084158,106,,,"41,954","41,954",,,,38,0,0,0,0,0,885,"37,100","3,969",,2,,,,,,"33,200",,"29,800",,,,,,,,,4,League of Order
6462108,Seson2RU,106,,,"38,847","38,847",,96,113,"1,008",0,92,4,0,0,"3,939","33,900","1,008",,,1,,,1,,,,,,,,,,,,,7,Wilderburg
5082320,Lord5082320,106,,,"38,558","38,559",,,,20,0,0,0,0,0,"3,599","30,800","4,159",,4,,,,9,,"91,000",,"86,500",,"46,800",,,,178,,,7,League of Order
5105512,Lord5105512,106,,,"38,008","38,008",,,,21,0,0,0,0,0,839,"32,900","4,213",56,3,,,,12,,,,,,,,,,,,,4,Springwardens
5152565,Лорд5152565,106,,,"34,893","34,893",,,,79,0,0,0,0,0,569,"30,900","3,368",56,7,1,,,,,,"7,015",,,,,,,,,,4,Wilderburg
5091066,Lorde5091066,106,,,"34,689","34,690",,,,28,0,0,0,0,0,817,"29,600","4,272",,4,,,,,,"19,800",,"18,300",,"3,500",,,,,,,4,League of Order
5123346,Lorde5123346,106,,,"34,114","34,114",,,,29,0,0,0,0,0,742,"31,750","1,622",,3,,,,7,"1,26,000",,,,,,,,,,,,4,Springwardens
20950619,Lord20950619,106,,,"31,601","31,601",,,,911,0,0,0,0,0,"4,425","20,800","4,731","1,645",29,2,,,,,"7,19,200",,"6,71,000",,"2,21,600",,,,,,,7,League of Order
5111904,Br1ce,106,,,"30,702","30,702",,,,68,0,0,0,0,0,952,"24,700","5,045",5,6,,,,3,,"5,800",,"5,800",,,,,,,,,5,Springwardens
5129235,Лорд5129235,106,,,"30,041","30,041",,,,17,0,0,0,0,0,443,"25,800","3,742",56,2,1,,,,,,,,,,,,,,,,3,Springwardens
5049021,Lord5049021,106,,,"27,707","27,707",,,,289,0,0,0,0,0,382,"26,250","1,075",,6,7,,1,,"9,653",,"3,517",,,,,,,,,,3,Wilderburg
5105701,Signore5105701,106,,,"25,098","25,098",,,,125,0,0,0,0,0,"1,078","21,800","2,220",,,2,,,,"17,316","31,300",,"31,300",,,,,,,,,4,Wilderburg
5070077,Lord5070077,106,,,"20,394","20,394",,,,,0,0,0,0,0,"4,139","14,600","1,655",,16,12,,,9,"1,811","1,92,200","2,044","1,88,700",,"58,800",,,,908,,,7,League of Order
5069921,النبيل5069921,106,,,"20,127","20,127",,,,20,0,0,0,0,0,667,"15,500","3,960",,3,,,,,,"13,000",,,,,,,,,,,4,Wilderburg
5129590,Lord5129590,106,,,"15,568","15,568",,,,,0,0,0,0,0,417,"13,450","1,701",,,,,,,,"7,100",,"7,200",,,,,,,,,3,Springwardens
5076651,Lord5076651,106,,,"13,976","13,976",,,,,0,0,0,0,0,"1,635","9,900","2,441",,,,,,5,"11,340","94,600",,"99,700",,"10,000",,,,,,,5,Springwardens
21527905,Lord21527905,106,,,"11,236","11,236",,,,,0,0,0,0,0,436,"4,100","6,700",,,,,,,"2,70,000","3,15,900",,"2,62,700",,"3,500",,,,,,,4,Wilderburg
5039733,Lord5039733,106,,,"10,208","11,214",,447,107,,291,156,0,0,0,494,"9,600",114,,,2,,,,,,,,,,,,,,,,3,Wilderburg
21667096,Lord21667096,106,,,"9,736","9,736",,,,,0,0,0,0,0,236,"5,800","3,700",,,,,,,,"1,31,500",,"1,12,200",,"3,500",,,,,,,4,Wilderburg
21529751,Lord21529751,106,,,"9,336","9,336",,,,,0,0,0,0,0,436,"4,100","4,800",,,,,,,,"2,11,300",,"1,77,300",,"3,500",,,,,,,4,Wilderburg
21679949,Lord21679949,106,,,"9,056","9,056",,,,,0,0,0,0,0,236,"5,800","3,020",,,,,,,,"91,900",,"79,800",,"3,500",,,,,,,4,Wilderburg
5062248,Лорд5062248,106,,,"9,045","9,045",,,,,0,0,0,0,0,724,"5,200","3,121",,,,,,,,"39,900",,"43,900",,"3,500",,,,,,,4,Wilderburg
21681336,Lord21681336,106,,,"9,036","9,036",,,,,0,0,0,0,0,236,"5,800","3,000",,,,,,,,"91,900",,"79,800",,"3,500",,,,,,,4,Wilderburg
21667863,Lord21667863,106,,,"9,016","9,016",,,,,0,0,0,0,0,236,"5,800","2,980",,,,,,,,"90,700",,"79,000",,"3,500",,,,,,,4,Wilderburg
21492225,Lord21492225,106,,,"8,996","8,996",,,,,0,0,0,0,0,436,"4,100","4,460",,,,,,,"2,70,000","1,92,500","4,86,000","1,62,100","5,67,000","3,500",,,,,,,4,Wilderburg
21492913,Lord21492913,106,,,"8,396","8,396",,,,,0,0,0,0,0,436,"4,100","3,860",,,,,,,,"1,59,500","5,94,000","1,35,100","2,70,000","3,500",,,,,,,4,Wilderburg
5067533,Лорд5067533,106,,,"7,148","9,829",,,,21,0,0,0,0,0,506,"5,000","1,642",,3,,,,,,200,,500,,,,,,,,,3,League of Order
21511248,Lord21511248,106,,,"5,060","5,060",,,,,0,0,0,0,0,360,"4,100",600,,,,,,,,"7,000",,"7,000",,,,,,,,,3,Wilderburg
17846428,领主17846428,106,,,"5,000","5,000",,,,,0,0,0,0,0,300,"4,100",600,,,,,,,,,,,,,,,,,,,1,League of Order
17912593,Seigneur17912593,106,,,"5,000","5,000",,,,,0,0,0,0,0,300,"4,100",600,,,,,,,,,,,,,,,,,,,1,League of Order
17867818,Lord17867818,106,,,"5,000","5,000",,,,,0,0,0,0,0,300,"4,100",600,,,,,,,,,,,,,,,,,,,1,Wilderburg